Day,Month,Group-ID,Bout-ID,Tree ID ,Tree Local name,Tree Genus,Tree Species,Tree family,Individuum-ID,Behaviour code ,size-sugar,hardness-sugar,colour1-sugar,colour2-sugar,scent1-sugar,scent2-sugar,variation-size,variation-hardness,variation-colour1,variation-colour2,variation-scent 
28,6,1,1,A1,Guave,Psidium,cattleianum,Murtaceae,1,S,-0.1651828,0.1234744,-0.5526,x,0.2346492,-0.2688609,0.13184,0.65656,-5.16E+15,x,0.783091
28,6,1,1,A1,Guave,Psidium,cattleianum,Murtaceae,2,R,-0.1651828,0.1234744,-0.5526,x,0.2346492,-0.2688609,0.13184,0.65656,-5.16E+15,x,0.783091
28,6,1,1,A1,Guave,Psidium,cattleianum,Murtaceae,3,L,-0.1651828,0.1234744,-0.5526,x,0.2346492,-0.2688609,0.13184,0.65656,-5.16E+15,x,0.783091
28,6,1,2,A1,Guave,Psidium,cattleianum,Murtaceae,1,T,-0.1651828,0.1234744,-0.5526,x,0.2346492,-0.2688609,0.13184,0.65656,-5.16E+15,x,0.783091
28,6,1,2,A1,Guave,Psidium,cattleianum,Murtaceae,2,S,-0.1651828,0.1234744,-0.5526,x,0.2346492,-0.2688609,0.13184,0.65656,-5.16E+15,x,0.783091
28,6,1,2,A1,Guave,Psidium,cattleianum,Murtaceae,3,S,-0.1651828,0.1234744,-0.5526,x,0.2346492,-0.2688609,0.13184,0.65656,-5.16E+15,x,0.783091
28,6,1,3,A1,Guave,Psidium,cattleianum,Murtaceae,1,S,-0.1651828,0.1234744,-0.5526,x,0.2346492,-0.2688609,0.13184,0.65656,-5.16E+15,x,0.783091
28,6,1,3,A1,Guave,Psidium,cattleianum,Murtaceae,2,T,-0.1651828,0.1234744,-0.5526,x,0.2346492,-0.2688609,0.13184,0.65656,-5.16E+15,x,0.783091
28,6,1,3,A1,Guave,Psidium,cattleianum,Murtaceae,3,S,-0.1651828,0.1234744,-0.5526,x,0.2346492,-0.2688609,0.13184,0.65656,-5.16E+15,x,0.783091
28,6,1,4,A1,Guave,Psidium,cattleianum,Murtaceae,1,S,-0.1651828,0.1234744,-0.5526,x,0.2346492,-0.2688609,0.13184,0.65656,-5.16E+15,x,0.783091
28,6,1,4,A1,Guave,Psidium,cattleianum,Murtaceae,2,S,-0.1651828,0.1234744,-0.5526,x,0.2346492,-0.2688609,0.13184,0.65656,-5.16E+15,x,0.783091
28,6,1,4,A1,Guave,Psidium,cattleianum,Murtaceae,3,L,-0.1651828,0.1234744,-0.5526,x,0.2346492,-0.2688609,0.13184,0.65656,-5.16E+15,x,0.783091
28,6,1,5,A2,Kalafam Bakaka,Oncostemum,nervosum,Myrsinaceae,1,T,0.3872356,0.1181,-0.2254,x,0.1626617,-0.02767963,0.17902,0.50214,3.34E+15,x,0.7219886
28,6,1,5,A2,Kalafam Bakaka,Oncostemum,nervosum,Myrsinaceae,2,S,0.3872356,0.1181,-0.2254,x,0.1626617,-0.02767963,0.17902,0.50214,3.34E+15,x,0.7219886
28,6,1,5,A2,Kalafam Bakaka,Oncostemum,nervosum,Myrsinaceae,3,L,0.3872356,0.1181,-0.2254,x,0.1626617,-0.02767963,0.17902,0.50214,3.34E+15,x,0.7219886
28,6,1,6,A2,Kalafam Bakaka,Oncostemum,nervosum,Myrsinaceae,1,L,0.3872356,0.1181,-0.2254,x,0.1626617,-0.02767963,0.17902,0.50214,3.34E+15,x,0.7219886
28,6,1,6,A2,Kalafam Bakaka,Oncostemum,nervosum,Myrsinaceae,2,L,0.3872356,0.1181,-0.2254,x,0.1626617,-0.02767963,0.17902,0.50214,3.34E+15,x,0.7219886
28,6,1,6,A2,Kalafam Bakaka,Oncostemum,nervosum,Myrsinaceae,3,L,0.3872356,0.1181,-0.2254,x,0.1626617,-0.02767963,0.17902,0.50214,3.34E+15,x,0.7219886
28,6,1,7,A2,Kalafam Bakaka,Oncostemum,nervosum,Myrsinaceae,1,S,0.3872356,0.1181,-0.2254,x,0.1626617,-0.02767963,0.17902,0.50214,3.34E+15,x,0.7219886
28,6,1,7,A2,Kalafam Bakaka,Oncostemum,nervosum,Myrsinaceae,2,S,0.3872356,0.1181,-0.2254,x,0.1626617,-0.02767963,0.17902,0.50214,3.34E+15,x,0.7219886
28,6,1,7,A2,Kalafam Bakaka,Oncostemum,nervosum,Myrsinaceae,3,L,0.3872356,0.1181,-0.2254,x,0.1626617,-0.02767963,0.17902,0.50214,3.34E+15,x,0.7219886
28,6,1,8,A2,Kalafam Bakaka,Oncostemum,nervosum,Myrsinaceae,1,L,0.3872356,0.1181,-0.2254,x,0.1626617,-0.02767963,0.17902,0.50214,3.34E+15,x,0.7219886
28,6,1,8,A2,Kalafam Bakaka,Oncostemum,nervosum,Myrsinaceae,2,L,0.3872356,0.1181,-0.2254,x,0.1626617,-0.02767963,0.17902,0.50214,3.34E+15,x,0.7219886
28,6,1,8,A2,Kalafam Bakaka,Oncostemum,nervosum,Myrsinaceae,3,L,0.3872356,0.1181,-0.2254,x,0.1626617,-0.02767963,0.17902,0.50214,3.34E+15,x,0.7219886
28,6,1,9,A3,Guave,Psidium,cattleianum,Murtaceae,1,T,-0.1651828,0.1234744,-0.5526,x,0.2346492,-0.2688609,0.13184,0.65656,-5.16E+15,x,0.783091
28,6,1,9,A3,Guave,Psidium,cattleianum,Murtaceae,2,T,-0.1651828,0.1234744,-0.5526,x,0.2346492,-0.2688609,0.13184,0.65656,-5.16E+15,x,0.783091
28,6,1,9,A3,Guave,Psidium,cattleianum,Murtaceae,3,L,-0.1651828,0.1234744,-0.5526,x,0.2346492,-0.2688609,0.13184,0.65656,-5.16E+15,x,0.783091
28,6,1,10,A3,Guave,Psidium,cattleianum,Murtaceae,1,T,-0.1651828,0.1234744,-0.5526,x,0.2346492,-0.2688609,0.13184,0.65656,-5.16E+15,x,0.783091
28,6,1,10,A3,Guave,Psidium,cattleianum,Murtaceae,2,L,-0.1651828,0.1234744,-0.5526,x,0.2346492,-0.2688609,0.13184,0.65656,-5.16E+15,x,0.783091
28,6,1,10,A3,Guave,Psidium,cattleianum,Murtaceae,3,L,-0.1651828,0.1234744,-0.5526,x,0.2346492,-0.2688609,0.13184,0.65656,-5.16E+15,x,0.783091
28,6,1,11,A3,Guave,Psidium,cattleianum,Murtaceae,1,S,-0.1651828,0.1234744,-0.5526,x,0.2346492,-0.2688609,0.13184,0.65656,-5.16E+15,x,0.783091
28,6,1,11,A3,Guave,Psidium,cattleianum,Murtaceae,2,L,-0.1651828,0.1234744,-0.5526,x,0.2346492,-0.2688609,0.13184,0.65656,-5.16E+15,x,0.783091
28,6,1,11,A3,Guave,Psidium,cattleianum,Murtaceae,3,T,-0.1651828,0.1234744,-0.5526,x,0.2346492,-0.2688609,0.13184,0.65656,-5.16E+15,x,0.783091
28,6,1,12,A3,Guave,Psidium,cattleianum,Murtaceae,1,L,-0.1651828,0.1234744,-0.5526,x,0.2346492,-0.2688609,0.13184,0.65656,-5.16E+15,x,0.783091
28,6,1,12,A3,Guave,Psidium,cattleianum,Murtaceae,2,L,-0.1651828,0.1234744,-0.5526,x,0.2346492,-0.2688609,0.13184,0.65656,-5.16E+15,x,0.783091
28,6,1,12,A3,Guave,Psidium,cattleianum,Murtaceae,3,L,-0.1651828,0.1234744,-0.5526,x,0.2346492,-0.2688609,0.13184,0.65656,-5.16E+15,x,0.783091
28,6,1,13,A3,Guave,Psidium,cattleianum,Murtaceae,1,L,-0.1651828,0.1234744,-0.5526,x,0.2346492,-0.2688609,0.13184,0.65656,-5.16E+15,x,0.783091
28,6,1,13,A3,Guave,Psidium,cattleianum,Murtaceae,2,L,-0.1651828,0.1234744,-0.5526,x,0.2346492,-0.2688609,0.13184,0.65656,-5.16E+15,x,0.783091
28,6,1,13,A3,Guave,Psidium,cattleianum,Murtaceae,3,R,-0.1651828,0.1234744,-0.5526,x,0.2346492,-0.2688609,0.13184,0.65656,-5.16E+15,x,0.783091
29,6,1,14,A4,Guave,Psidium,cattleianum,Murtaceae,1,L,-0.1651828,0.1234744,-0.5526,x,0.2346492,-0.2688609,0.13184,0.65656,-5.16E+15,x,0.783091
29,6,1,14,A4,Guave,Psidium,cattleianum,Murtaceae,2,S,-0.1651828,0.1234744,-0.5526,x,0.2346492,-0.2688609,0.13184,0.65656,-5.16E+15,x,0.783091
29,6,1,14,A4,Guave,Psidium,cattleianum,Murtaceae,3,S,-0.1651828,0.1234744,-0.5526,x,0.2346492,-0.2688609,0.13184,0.65656,-5.16E+15,x,0.783091
29,6,1,15,A4,Guave,Psidium,cattleianum,Murtaceae,1,S,-0.1651828,0.1234744,-0.5526,x,0.2346492,-0.2688609,0.13184,0.65656,-5.16E+15,x,0.783091
29,6,1,15,A4,Guave,Psidium,cattleianum,Murtaceae,2,S,-0.1651828,0.1234744,-0.5526,x,0.2346492,-0.2688609,0.13184,0.65656,-5.16E+15,x,0.783091
29,6,1,15,A4,Guave,Psidium,cattleianum,Murtaceae,3,L,-0.1651828,0.1234744,-0.5526,x,0.2346492,-0.2688609,0.13184,0.65656,-5.16E+15,x,0.783091
29,6,1,16,A4,Guave,Psidium,cattleianum,Murtaceae,1,T,-0.1651828,0.1234744,-0.5526,x,0.2346492,-0.2688609,0.13184,0.65656,-5.16E+15,x,0.783091
29,6,1,16,A4,Guave,Psidium,cattleianum,Murtaceae,2,S,-0.1651828,0.1234744,-0.5526,x,0.2346492,-0.2688609,0.13184,0.65656,-5.16E+15,x,0.783091
29,6,1,16,A4,Guave,Psidium,cattleianum,Murtaceae,3,S,-0.1651828,0.1234744,-0.5526,x,0.2346492,-0.2688609,0.13184,0.65656,-5.16E+15,x,0.783091
29,6,1,17,A5,Kalafam Bakaka,Oncostemum,nervosum,Myrsinaceae,1,R,0.3872356,0.1181,-0.2254,x,0.1626617,-0.02767963,0.17902,0.50214,3.34E+15,x,0.7219886
29,6,1,17,A5,Kalafam Bakaka,Oncostemum,nervosum,Myrsinaceae,2,L,0.3872356,0.1181,-0.2254,x,0.1626617,-0.02767963,0.17902,0.50214,3.34E+15,x,0.7219886
29,6,1,17,A5,Kalafam Bakaka,Oncostemum,nervosum,Myrsinaceae,3,L,0.3872356,0.1181,-0.2254,x,0.1626617,-0.02767963,0.17902,0.50214,3.34E+15,x,0.7219886
29,6,1,18,A5,Kalafam Bakaka,Oncostemum,nervosum,Myrsinaceae,1,R,0.3872356,0.1181,-0.2254,x,0.1626617,-0.02767963,0.17902,0.50214,3.34E+15,x,0.7219886
29,6,1,18,A5,Kalafam Bakaka,Oncostemum,nervosum,Myrsinaceae,2,S,0.3872356,0.1181,-0.2254,x,0.1626617,-0.02767963,0.17902,0.50214,3.34E+15,x,0.7219886
29,6,1,18,A5,Kalafam Bakaka,Oncostemum,nervosum,Myrsinaceae,3,T,0.3872356,0.1181,-0.2254,x,0.1626617,-0.02767963,0.17902,0.50214,3.34E+15,x,0.7219886
29,6,1,19,A5,Kalafam Bakaka,Oncostemum,nervosum,Myrsinaceae,1,R,0.3872356,0.1181,-0.2254,x,0.1626617,-0.02767963,0.17902,0.50214,3.34E+15,x,0.7219886
29,6,1,19,A5,Kalafam Bakaka,Oncostemum,nervosum,Myrsinaceae,2,L,0.3872356,0.1181,-0.2254,x,0.1626617,-0.02767963,0.17902,0.50214,3.34E+15,x,0.7219886
29,6,1,19,A5,Kalafam Bakaka,Oncostemum,nervosum,Myrsinaceae,3,L,0.3872356,0.1181,-0.2254,x,0.1626617,-0.02767963,0.17902,0.50214,3.34E+15,x,0.7219886
29,6,1,20,A5,Kalafam Bakaka,Oncostemum,nervosum,Myrsinaceae,1,R,0.3872356,0.1181,-0.2254,x,0.1626617,-0.02767963,0.17902,0.50214,3.34E+15,x,0.7219886
29,6,1,20,A5,Kalafam Bakaka,Oncostemum,nervosum,Myrsinaceae,2,S,0.3872356,0.1181,-0.2254,x,0.1626617,-0.02767963,0.17902,0.50214,3.34E+15,x,0.7219886
29,6,1,20,A5,Kalafam Bakaka,Oncostemum,nervosum,Myrsinaceae,3,L,0.3872356,0.1181,-0.2254,x,0.1626617,-0.02767963,0.17902,0.50214,3.34E+15,x,0.7219886
29,6,1,21,A6,Fohaninasity,Psychotria,reducta,Rubiaceae,1,R,0.2638136,0.1000804,-0.1751,-0.2964,-0.006577694,0.1574547,0.10774,0.79329,4.45E+15,-2.47E+15,0.7486506
29,6,1,21,A6,Fohaninasity,Psychotria,reducta,Rubiaceae,2,R,0.2638136,0.1000804,-0.1751,-0.2964,-0.006577694,0.1574547,0.10774,0.79329,4.45E+15,-2.47E+15,0.7486506
29,6,1,21,A6,Fohaninasity,Psychotria,reducta,Rubiaceae,3,L,0.2638136,0.1000804,-0.1751,-0.2964,-0.006577694,0.1574547,0.10774,0.79329,4.45E+15,-2.47E+15,0.7486506
29,6,1,22,A6,Fohaninasity,Psychotria,reducta,Rubiaceae,1,R,0.2638136,0.1000804,-0.1751,-0.2964,-0.006577694,0.1574547,0.10774,0.79329,4.45E+15,-2.47E+15,0.7486506
29,6,1,22,A6,Fohaninasity,Psychotria,reducta,Rubiaceae,2,R,0.2638136,0.1000804,-0.1751,-0.2964,-0.006577694,0.1574547,0.10774,0.79329,4.45E+15,-2.47E+15,0.7486506
29,6,1,22,A6,Fohaninasity,Psychotria,reducta,Rubiaceae,3,L,0.2638136,0.1000804,-0.1751,-0.2964,-0.006577694,0.1574547,0.10774,0.79329,4.45E+15,-2.47E+15,0.7486506
29,6,1,23,A6,Fohaninasity,Psychotria,reducta,Rubiaceae,1,R,0.2638136,0.1000804,-0.1751,-0.2964,-0.006577694,0.1574547,0.10774,0.79329,4.45E+15,-2.47E+15,0.7486506
29,6,1,23,A6,Fohaninasity,Psychotria,reducta,Rubiaceae,2,R,0.2638136,0.1000804,-0.1751,-0.2964,-0.006577694,0.1574547,0.10774,0.79329,4.45E+15,-2.47E+15,0.7486506
29,6,1,23,A6,Fohaninasity,Psychotria,reducta,Rubiaceae,3,L,0.2638136,0.1000804,-0.1751,-0.2964,-0.006577694,0.1574547,0.10774,0.79329,4.45E+15,-2.47E+15,0.7486506
29,6,1,28,A9,Guave,Psidium,cattleianum,Murtaceae,1,R,-0.1651828,0.1234744,-0.5526,x,0.2346492,-0.2688609,0.13184,0.65656,-5.16E+15,x,0.783091
29,6,1,28,A9,Guave,Psidium,cattleianum,Murtaceae,2,S,-0.1651828,0.1234744,-0.5526,x,0.2346492,-0.2688609,0.13184,0.65656,-5.16E+15,x,0.783091
29,6,1,28,A9,Guave,Psidium,cattleianum,Murtaceae,3,S,-0.1651828,0.1234744,-0.5526,x,0.2346492,-0.2688609,0.13184,0.65656,-5.16E+15,x,0.783091
29,6,1,28,A9,Guave,Psidium,cattleianum,Murtaceae,1,R,-0.1651828,0.1234744,-0.5526,x,0.2346492,-0.2688609,0.13184,0.65656,-5.16E+15,x,0.783091
29,6,1,28,A9,Guave,Psidium,cattleianum,Murtaceae,2,L,-0.1651828,0.1234744,-0.5526,x,0.2346492,-0.2688609,0.13184,0.65656,-5.16E+15,x,0.783091
29,6,1,28,A9,Guave,Psidium,cattleianum,Murtaceae,3,S,-0.1651828,0.1234744,-0.5526,x,0.2346492,-0.2688609,0.13184,0.65656,-5.16E+15,x,0.783091
29,6,1,28,A9,Guave,Psidium,cattleianum,Murtaceae,1,R,-0.1651828,0.1234744,-0.5526,x,0.2346492,-0.2688609,0.13184,0.65656,-5.16E+15,x,0.783091
29,6,1,28,A9,Guave,Psidium,cattleianum,Murtaceae,2,L,-0.1651828,0.1234744,-0.5526,x,0.2346492,-0.2688609,0.13184,0.65656,-5.16E+15,x,0.783091
29,6,1,28,A9,Guave,Psidium,cattleianum,Murtaceae,3,S,-0.1651828,0.1234744,-0.5526,x,0.2346492,-0.2688609,0.13184,0.65656,-5.16E+15,x,0.783091
29,6,1,28,A9,Guave,Psidium,cattleianum,Murtaceae,1,S,-0.1651828,0.1234744,-0.5526,x,0.2346492,-0.2688609,0.13184,0.65656,-5.16E+15,x,0.783091
29,6,1,28,A9,Guave,Psidium,cattleianum,Murtaceae,2,S,-0.1651828,0.1234744,-0.5526,x,0.2346492,-0.2688609,0.13184,0.65656,-5.16E+15,x,0.783091
29,6,1,28,A9,Guave,Psidium,cattleianum,Murtaceae,3,L,-0.1651828,0.1234744,-0.5526,x,0.2346492,-0.2688609,0.13184,0.65656,-5.16E+15,x,0.783091
29,6,1,28,A9,Guave,Psidium,cattleianum,Murtaceae,1,S,-0.1651828,0.1234744,-0.5526,x,0.2346492,-0.2688609,0.13184,0.65656,-5.16E+15,x,0.783091
29,6,1,28,A9,Guave,Psidium,cattleianum,Murtaceae,2,S,-0.1651828,0.1234744,-0.5526,x,0.2346492,-0.2688609,0.13184,0.65656,-5.16E+15,x,0.783091
29,6,1,28,A9,Guave,Psidium,cattleianum,Murtaceae,3,S,-0.1651828,0.1234744,-0.5526,x,0.2346492,-0.2688609,0.13184,0.65656,-5.16E+15,x,0.783091
29,6,1,28,A9,Guave,Psidium,cattleianum,Murtaceae,1,R,-0.1651828,0.1234744,-0.5526,x,0.2346492,-0.2688609,0.13184,0.65656,-5.16E+15,x,0.783091
29,6,1,28,A9,Guave,Psidium,cattleianum,Murtaceae,2,R,-0.1651828,0.1234744,-0.5526,x,0.2346492,-0.2688609,0.13184,0.65656,-5.16E+15,x,0.783091
29,6,1,28,A9,Guave,Psidium,cattleianum,Murtaceae,3,S,-0.1651828,0.1234744,-0.5526,x,0.2346492,-0.2688609,0.13184,0.65656,-5.16E+15,x,0.783091
29,6,1,28,A9,Guave,Psidium,cattleianum,Murtaceae,1,R,-0.1651828,0.1234744,-0.5526,x,0.2346492,-0.2688609,0.13184,0.65656,-5.16E+15,x,0.783091
29,6,1,28,A9,Guave,Psidium,cattleianum,Murtaceae,2,R,-0.1651828,0.1234744,-0.5526,x,0.2346492,-0.2688609,0.13184,0.65656,-5.16E+15,x,0.783091
29,6,1,28,A9,Guave,Psidium,cattleianum,Murtaceae,3,T,-0.1651828,0.1234744,-0.5526,x,0.2346492,-0.2688609,0.13184,0.65656,-5.16E+15,x,0.783091
29,6,1,28,A9,Guave,Psidium,cattleianum,Murtaceae,1,R,-0.1651828,0.1234744,-0.5526,x,0.2346492,-0.2688609,0.13184,0.65656,-5.16E+15,x,0.783091
29,6,1,28,A9,Guave,Psidium,cattleianum,Murtaceae,2,R,-0.1651828,0.1234744,-0.5526,x,0.2346492,-0.2688609,0.13184,0.65656,-5.16E+15,x,0.783091
29,6,1,28,A9,Guave,Psidium,cattleianum,Murtaceae,3,S,-0.1651828,0.1234744,-0.5526,x,0.2346492,-0.2688609,0.13184,0.65656,-5.16E+15,x,0.783091
4,7,2,29,A10,Guave,Psidium,cattleianum,Murtaceae,4,S,-0.1651828,0.1234744,-0.5526,x,0.2346492,-0.2688609,0.13184,0.65656,-5.16E+15,x,0.783091
4,7,2,29,A10,Guave,Psidium,cattleianum,Murtaceae,5,L,-0.1651828,0.1234744,-0.5526,x,0.2346492,-0.2688609,0.13184,0.65656,-5.16E+15,x,0.783091
4,7,2,29,A10,Guave,Psidium,cattleianum,Murtaceae,6,L,-0.1651828,0.1234744,-0.5526,x,0.2346492,-0.2688609,0.13184,0.65656,-5.16E+15,x,0.783091
4,7,2,29,A10,Guave,Psidium,cattleianum,Murtaceae,7,L,-0.1651828,0.1234744,-0.5526,x,0.2346492,-0.2688609,0.13184,0.65656,-5.16E+15,x,0.783091
4,7,2,30,A10,Guave,Psidium,cattleianum,Murtaceae,4,L,-0.1651828,0.1234744,-0.5526,x,0.2346492,-0.2688609,0.13184,0.65656,-5.16E+15,x,0.783091
4,7,2,30,A10,Guave,Psidium,cattleianum,Murtaceae,5,S,-0.1651828,0.1234744,-0.5526,x,0.2346492,-0.2688609,0.13184,0.65656,-5.16E+15,x,0.783091
4,7,2,30,A10,Guave,Psidium,cattleianum,Murtaceae,6,L,-0.1651828,0.1234744,-0.5526,x,0.2346492,-0.2688609,0.13184,0.65656,-5.16E+15,x,0.783091
4,7,2,30,A10,Guave,Psidium,cattleianum,Murtaceae,7,L,-0.1651828,0.1234744,-0.5526,x,0.2346492,-0.2688609,0.13184,0.65656,-5.16E+15,x,0.783091
4,7,2,31,A10,Guave,Psidium,cattleianum,Murtaceae,4,L,-0.1651828,0.1234744,-0.5526,x,0.2346492,-0.2688609,0.13184,0.65656,-5.16E+15,x,0.783091
4,7,2,31,A10,Guave,Psidium,cattleianum,Murtaceae,5,L,-0.1651828,0.1234744,-0.5526,x,0.2346492,-0.2688609,0.13184,0.65656,-5.16E+15,x,0.783091
4,7,2,31,A10,Guave,Psidium,cattleianum,Murtaceae,6,L,-0.1651828,0.1234744,-0.5526,x,0.2346492,-0.2688609,0.13184,0.65656,-5.16E+15,x,0.783091
4,7,2,31,A10,Guave,Psidium,cattleianum,Murtaceae,7,S,-0.1651828,0.1234744,-0.5526,x,0.2346492,-0.2688609,0.13184,0.65656,-5.16E+15,x,0.783091
4,7,2,32,A10,Guave,Psidium,cattleianum,Murtaceae,4,L,-0.1651828,0.1234744,-0.5526,x,0.2346492,-0.2688609,0.13184,0.65656,-5.16E+15,x,0.783091
4,7,2,32,A10,Guave,Psidium,cattleianum,Murtaceae,5,L,-0.1651828,0.1234744,-0.5526,x,0.2346492,-0.2688609,0.13184,0.65656,-5.16E+15,x,0.783091
4,7,2,32,A10,Guave,Psidium,cattleianum,Murtaceae,6,L,-0.1651828,0.1234744,-0.5526,x,0.2346492,-0.2688609,0.13184,0.65656,-5.16E+15,x,0.783091
4,7,2,32,A10,Guave,Psidium,cattleianum,Murtaceae,7,S,-0.1651828,0.1234744,-0.5526,x,0.2346492,-0.2688609,0.13184,0.65656,-5.16E+15,x,0.783091
4,7,2,33,A10,Guave,Psidium,cattleianum,Murtaceae,4,L,-0.1651828,0.1234744,-0.5526,x,0.2346492,-0.2688609,0.13184,0.65656,-5.16E+15,x,0.783091
4,7,2,33,A10,Guave,Psidium,cattleianum,Murtaceae,5,S,-0.1651828,0.1234744,-0.5526,x,0.2346492,-0.2688609,0.13184,0.65656,-5.16E+15,x,0.783091
4,7,2,33,A10,Guave,Psidium,cattleianum,Murtaceae,6,L,-0.1651828,0.1234744,-0.5526,x,0.2346492,-0.2688609,0.13184,0.65656,-5.16E+15,x,0.783091
4,7,2,33,A10,Guave,Psidium,cattleianum,Murtaceae,7,S,-0.1651828,0.1234744,-0.5526,x,0.2346492,-0.2688609,0.13184,0.65656,-5.16E+15,x,0.783091
4,7,2,34,A10,Guave,Psidium,cattleianum,Murtaceae,4,L,-0.1651828,0.1234744,-0.5526,x,0.2346492,-0.2688609,0.13184,0.65656,-5.16E+15,x,0.783091
4,7,2,34,A10,Guave,Psidium,cattleianum,Murtaceae,5,L,-0.1651828,0.1234744,-0.5526,x,0.2346492,-0.2688609,0.13184,0.65656,-5.16E+15,x,0.783091
4,7,2,34,A10,Guave,Psidium,cattleianum,Murtaceae,6,S,-0.1651828,0.1234744,-0.5526,x,0.2346492,-0.2688609,0.13184,0.65656,-5.16E+15,x,0.783091
4,7,2,34,A10,Guave,Psidium,cattleianum,Murtaceae,7,L,-0.1651828,0.1234744,-0.5526,x,0.2346492,-0.2688609,0.13184,0.65656,-5.16E+15,x,0.783091
4,7,2,38,A12,Guave,Psidium,cattleianum,Murtaceae,4,S,-0.1651828,0.1234744,-0.5526,x,0.2346492,-0.2688609,0.13184,0.65656,-5.16E+15,x,0.783091
4,7,2,38,A12,Guave,Psidium,cattleianum,Murtaceae,5,L,-0.1651828,0.1234744,-0.5526,x,0.2346492,-0.2688609,0.13184,0.65656,-5.16E+15,x,0.783091
4,7,2,38,A12,Guave,Psidium,cattleianum,Murtaceae,6,S,-0.1651828,0.1234744,-0.5526,x,0.2346492,-0.2688609,0.13184,0.65656,-5.16E+15,x,0.783091
4,7,2,38,A12,Guave,Psidium,cattleianum,Murtaceae,7,T,-0.1651828,0.1234744,-0.5526,x,0.2346492,-0.2688609,0.13184,0.65656,-5.16E+15,x,0.783091
4,7,2,39,A12,Guave,Psidium,cattleianum,Murtaceae,4,S,-0.1651828,0.1234744,-0.5526,x,0.2346492,-0.2688609,0.13184,0.65656,-5.16E+15,x,0.783091
4,7,2,39,A12,Guave,Psidium,cattleianum,Murtaceae,5,L,-0.1651828,0.1234744,-0.5526,x,0.2346492,-0.2688609,0.13184,0.65656,-5.16E+15,x,0.783091
4,7,2,39,A12,Guave,Psidium,cattleianum,Murtaceae,6,L,-0.1651828,0.1234744,-0.5526,x,0.2346492,-0.2688609,0.13184,0.65656,-5.16E+15,x,0.783091
4,7,2,39,A12,Guave,Psidium,cattleianum,Murtaceae,7,L,-0.1651828,0.1234744,-0.5526,x,0.2346492,-0.2688609,0.13184,0.65656,-5.16E+15,x,0.783091
4,7,2,40,A12,Guave,Psidium,cattleianum,Murtaceae,4,L,-0.1651828,0.1234744,-0.5526,x,0.2346492,-0.2688609,0.13184,0.65656,-5.16E+15,x,0.783091
4,7,2,40,A12,Guave,Psidium,cattleianum,Murtaceae,5,S,-0.1651828,0.1234744,-0.5526,x,0.2346492,-0.2688609,0.13184,0.65656,-5.16E+15,x,0.783091
4,7,2,40,A12,Guave,Psidium,cattleianum,Murtaceae,6,L,-0.1651828,0.1234744,-0.5526,x,0.2346492,-0.2688609,0.13184,0.65656,-5.16E+15,x,0.783091
4,7,2,40,A12,Guave,Psidium,cattleianum,Murtaceae,7,L,-0.1651828,0.1234744,-0.5526,x,0.2346492,-0.2688609,0.13184,0.65656,-5.16E+15,x,0.783091
4,7,2,41,A12,Guave,Psidium,cattleianum,Murtaceae,4,R,-0.1651828,0.1234744,-0.5526,x,0.2346492,-0.2688609,0.13184,0.65656,-5.16E+15,x,0.783091
4,7,2,41,A12,Guave,Psidium,cattleianum,Murtaceae,5,R,-0.1651828,0.1234744,-0.5526,x,0.2346492,-0.2688609,0.13184,0.65656,-5.16E+15,x,0.783091
4,7,2,41,A12,Guave,Psidium,cattleianum,Murtaceae,6,R,-0.1651828,0.1234744,-0.5526,x,0.2346492,-0.2688609,0.13184,0.65656,-5.16E+15,x,0.783091
4,7,2,41,A12,Guave,Psidium,cattleianum,Murtaceae,7,S,-0.1651828,0.1234744,-0.5526,x,0.2346492,-0.2688609,0.13184,0.65656,-5.16E+15,x,0.783091
4,7,2,42,A13,Guave,Psidium,cattleianum,Murtaceae,4,S,-0.1651828,0.1234744,-0.5526,x,0.2346492,-0.2688609,0.13184,0.65656,-5.16E+15,x,0.783091
4,7,2,42,A13,Guave,Psidium,cattleianum,Murtaceae,5,L,-0.1651828,0.1234744,-0.5526,x,0.2346492,-0.2688609,0.13184,0.65656,-5.16E+15,x,0.783091
4,7,2,42,A13,Guave,Psidium,cattleianum,Murtaceae,6,S,-0.1651828,0.1234744,-0.5526,x,0.2346492,-0.2688609,0.13184,0.65656,-5.16E+15,x,0.783091
4,7,2,42,A13,Guave,Psidium,cattleianum,Murtaceae,7,S,-0.1651828,0.1234744,-0.5526,x,0.2346492,-0.2688609,0.13184,0.65656,-5.16E+15,x,0.783091
4,7,2,43,A13,Guave,Psidium,cattleianum,Murtaceae,4,S,-0.1651828,0.1234744,-0.5526,x,0.2346492,-0.2688609,0.13184,0.65656,-5.16E+15,x,0.783091
4,7,2,43,A13,Guave,Psidium,cattleianum,Murtaceae,5,L,-0.1651828,0.1234744,-0.5526,x,0.2346492,-0.2688609,0.13184,0.65656,-5.16E+15,x,0.783091
4,7,2,43,A13,Guave,Psidium,cattleianum,Murtaceae,6,L,-0.1651828,0.1234744,-0.5526,x,0.2346492,-0.2688609,0.13184,0.65656,-5.16E+15,x,0.783091
4,7,2,43,A13,Guave,Psidium,cattleianum,Murtaceae,7,S,-0.1651828,0.1234744,-0.5526,x,0.2346492,-0.2688609,0.13184,0.65656,-5.16E+15,x,0.783091
4,7,2,44,A13,Guave,Psidium,cattleianum,Murtaceae,4,L,-0.1651828,0.1234744,-0.5526,x,0.2346492,-0.2688609,0.13184,0.65656,-5.16E+15,x,0.783091
4,7,2,44,A13,Guave,Psidium,cattleianum,Murtaceae,5,S,-0.1651828,0.1234744,-0.5526,x,0.2346492,-0.2688609,0.13184,0.65656,-5.16E+15,x,0.783091
4,7,2,44,A13,Guave,Psidium,cattleianum,Murtaceae,6,S,-0.1651828,0.1234744,-0.5526,x,0.2346492,-0.2688609,0.13184,0.65656,-5.16E+15,x,0.783091
4,7,2,44,A13,Guave,Psidium,cattleianum,Murtaceae,7,L,-0.1651828,0.1234744,-0.5526,x,0.2346492,-0.2688609,0.13184,0.65656,-5.16E+15,x,0.783091
4,7,2,45,A14,Guave,Psidium,cattleianum,Murtaceae,4,L,-0.1651828,0.1234744,-0.5526,x,0.2346492,-0.2688609,0.13184,0.65656,-5.16E+15,x,0.783091
4,7,2,45,A14,Guave,Psidium,cattleianum,Murtaceae,5,S,-0.1651828,0.1234744,-0.5526,x,0.2346492,-0.2688609,0.13184,0.65656,-5.16E+15,x,0.783091
4,7,2,45,A14,Guave,Psidium,cattleianum,Murtaceae,6,L,-0.1651828,0.1234744,-0.5526,x,0.2346492,-0.2688609,0.13184,0.65656,-5.16E+15,x,0.783091
4,7,2,45,A14,Guave,Psidium,cattleianum,Murtaceae,7,L,-0.1651828,0.1234744,-0.5526,x,0.2346492,-0.2688609,0.13184,0.65656,-5.16E+15,x,0.783091
4,7,2,46,A14,Guave,Psidium,cattleianum,Murtaceae,4,L,-0.1651828,0.1234744,-0.5526,x,0.2346492,-0.2688609,0.13184,0.65656,-5.16E+15,x,0.783091
4,7,2,46,A14,Guave,Psidium,cattleianum,Murtaceae,5,L,-0.1651828,0.1234744,-0.5526,x,0.2346492,-0.2688609,0.13184,0.65656,-5.16E+15,x,0.783091
4,7,2,46,A14,Guave,Psidium,cattleianum,Murtaceae,6,S,-0.1651828,0.1234744,-0.5526,x,0.2346492,-0.2688609,0.13184,0.65656,-5.16E+15,x,0.783091
4,7,2,46,A14,Guave,Psidium,cattleianum,Murtaceae,7,L,-0.1651828,0.1234744,-0.5526,x,0.2346492,-0.2688609,0.13184,0.65656,-5.16E+15,x,0.783091
4,7,2,47,A14,Guave,Psidium,cattleianum,Murtaceae,4,T,-0.1651828,0.1234744,-0.5526,x,0.2346492,-0.2688609,0.13184,0.65656,-5.16E+15,x,0.783091
4,7,2,47,A14,Guave,Psidium,cattleianum,Murtaceae,5,S,-0.1651828,0.1234744,-0.5526,x,0.2346492,-0.2688609,0.13184,0.65656,-5.16E+15,x,0.783091
4,7,2,47,A14,Guave,Psidium,cattleianum,Murtaceae,6,S,-0.1651828,0.1234744,-0.5526,x,0.2346492,-0.2688609,0.13184,0.65656,-5.16E+15,x,0.783091
4,7,2,47,A14,Guave,Psidium,cattleianum,Murtaceae,7,L,-0.1651828,0.1234744,-0.5526,x,0.2346492,-0.2688609,0.13184,0.65656,-5.16E+15,x,0.783091
4,7,2,48,A14,Guave,Psidium,cattleianum,Murtaceae,4,L,-0.1651828,0.1234744,-0.5526,x,0.2346492,-0.2688609,0.13184,0.65656,-5.16E+15,x,0.783091
4,7,2,48,A14,Guave,Psidium,cattleianum,Murtaceae,5,T,-0.1651828,0.1234744,-0.5526,x,0.2346492,-0.2688609,0.13184,0.65656,-5.16E+15,x,0.783091
4,7,2,48,A14,Guave,Psidium,cattleianum,Murtaceae,6,R,-0.1651828,0.1234744,-0.5526,x,0.2346492,-0.2688609,0.13184,0.65656,-5.16E+15,x,0.783091
4,7,2,48,A14,Guave,Psidium,cattleianum,Murtaceae,7,R,-0.1651828,0.1234744,-0.5526,x,0.2346492,-0.2688609,0.13184,0.65656,-5.16E+15,x,0.783091
4,7,2,49,A15,Fohaninasity,Psychotria,reducta,Rubiaceae,4,S,0.2638136,0.1000804,-0.1751,-0.2964,-0.006577694,0.1574547,0.10774,0.79329,4.45E+15,-2.47E+15,0.7486506
4,7,2,49,A15,Fohaninasity,Psychotria,reducta,Rubiaceae,5,L,0.2638136,0.1000804,-0.1751,-0.2964,-0.006577694,0.1574547,0.10774,0.79329,4.45E+15,-2.47E+15,0.7486506
4,7,2,49,A15,Fohaninasity,Psychotria,reducta,Rubiaceae,6,L,0.2638136,0.1000804,-0.1751,-0.2964,-0.006577694,0.1574547,0.10774,0.79329,4.45E+15,-2.47E+15,0.7486506
4,7,2,49,A15,Fohaninasity,Psychotria,reducta,Rubiaceae,7,L,0.2638136,0.1000804,-0.1751,-0.2964,-0.006577694,0.1574547,0.10774,0.79329,4.45E+15,-2.47E+15,0.7486506
4,7,2,50,A15,Fohaninasity,Psychotria,reducta,Rubiaceae,4,L,0.2638136,0.1000804,-0.1751,-0.2964,-0.006577694,0.1574547,0.10774,0.79329,4.45E+15,-2.47E+15,0.7486506
4,7,2,50,A15,Fohaninasity,Psychotria,reducta,Rubiaceae,5,S,0.2638136,0.1000804,-0.1751,-0.2964,-0.006577694,0.1574547,0.10774,0.79329,4.45E+15,-2.47E+15,0.7486506
4,7,2,50,A15,Fohaninasity,Psychotria,reducta,Rubiaceae,6,L,0.2638136,0.1000804,-0.1751,-0.2964,-0.006577694,0.1574547,0.10774,0.79329,4.45E+15,-2.47E+15,0.7486506
4,7,2,50,A15,Fohaninasity,Psychotria,reducta,Rubiaceae,7,L,0.2638136,0.1000804,-0.1751,-0.2964,-0.006577694,0.1574547,0.10774,0.79329,4.45E+15,-2.47E+15,0.7486506
4,7,2,51,A15,Fohaninasity,Psychotria,reducta,Rubiaceae,4,L,0.2638136,0.1000804,-0.1751,-0.2964,-0.006577694,0.1574547,0.10774,0.79329,4.45E+15,-2.47E+15,0.7486506
4,7,2,51,A15,Fohaninasity,Psychotria,reducta,Rubiaceae,5,T,0.2638136,0.1000804,-0.1751,-0.2964,-0.006577694,0.1574547,0.10774,0.79329,4.45E+15,-2.47E+15,0.7486506
4,7,2,51,A15,Fohaninasity,Psychotria,reducta,Rubiaceae,6,L,0.2638136,0.1000804,-0.1751,-0.2964,-0.006577694,0.1574547,0.10774,0.79329,4.45E+15,-2.47E+15,0.7486506
4,7,2,51,A15,Fohaninasity,Psychotria,reducta,Rubiaceae,7,S,0.2638136,0.1000804,-0.1751,-0.2964,-0.006577694,0.1574547,0.10774,0.79329,4.45E+15,-2.47E+15,0.7486506
4,7,2,52,A15,Fohaninasity,Psychotria,reducta,Rubiaceae,4,L,0.2638136,0.1000804,-0.1751,-0.2964,-0.006577694,0.1574547,0.10774,0.79329,4.45E+15,-2.47E+15,0.7486506
4,7,2,52,A15,Fohaninasity,Psychotria,reducta,Rubiaceae,5,S,0.2638136,0.1000804,-0.1751,-0.2964,-0.006577694,0.1574547,0.10774,0.79329,4.45E+15,-2.47E+15,0.7486506
4,7,2,52,A15,Fohaninasity,Psychotria,reducta,Rubiaceae,6,L,0.2638136,0.1000804,-0.1751,-0.2964,-0.006577694,0.1574547,0.10774,0.79329,4.45E+15,-2.47E+15,0.7486506
4,7,2,52,A15,Fohaninasity,Psychotria,reducta,Rubiaceae,7,T,0.2638136,0.1000804,-0.1751,-0.2964,-0.006577694,0.1574547,0.10774,0.79329,4.45E+15,-2.47E+15,0.7486506
4,7,2,53,A16,Fohaninasity,Psychotria,reducta,Rubiaceae,4,T,0.2638136,0.1000804,-0.1751,-0.2964,-0.006577694,0.1574547,0.10774,0.79329,4.45E+15,-2.47E+15,0.7486506
4,7,2,53,A16,Fohaninasity,Psychotria,reducta,Rubiaceae,5,L,0.2638136,0.1000804,-0.1751,-0.2964,-0.006577694,0.1574547,0.10774,0.79329,4.45E+15,-2.47E+15,0.7486506
4,7,2,53,A16,Fohaninasity,Psychotria,reducta,Rubiaceae,6,L,0.2638136,0.1000804,-0.1751,-0.2964,-0.006577694,0.1574547,0.10774,0.79329,4.45E+15,-2.47E+15,0.7486506
4,7,2,53,A16,Fohaninasity,Psychotria,reducta,Rubiaceae,7,R,0.2638136,0.1000804,-0.1751,-0.2964,-0.006577694,0.1574547,0.10774,0.79329,4.45E+15,-2.47E+15,0.7486506
4,7,2,54,A16,Fohaninasity,Psychotria,reducta,Rubiaceae,4,L,0.2638136,0.1000804,-0.1751,-0.2964,-0.006577694,0.1574547,0.10774,0.79329,4.45E+15,-2.47E+15,0.7486506
4,7,2,54,A16,Fohaninasity,Psychotria,reducta,Rubiaceae,5,S,0.2638136,0.1000804,-0.1751,-0.2964,-0.006577694,0.1574547,0.10774,0.79329,4.45E+15,-2.47E+15,0.7486506
4,7,2,54,A16,Fohaninasity,Psychotria,reducta,Rubiaceae,6,L,0.2638136,0.1000804,-0.1751,-0.2964,-0.006577694,0.1574547,0.10774,0.79329,4.45E+15,-2.47E+15,0.7486506
4,7,2,54,A16,Fohaninasity,Psychotria,reducta,Rubiaceae,7,R,0.2638136,0.1000804,-0.1751,-0.2964,-0.006577694,0.1574547,0.10774,0.79329,4.45E+15,-2.47E+15,0.7486506
4,7,2,55,A17,Guave,Psidium,cattleianum,Murtaceae,4,L,-0.1651828,0.1234744,-0.5526,x,0.2346492,-0.2688609,0.13184,0.65656,-5.16E+15,x,0.783091
4,7,2,55,A17,Guave,Psidium,cattleianum,Murtaceae,5,L,-0.1651828,0.1234744,-0.5526,x,0.2346492,-0.2688609,0.13184,0.65656,-5.16E+15,x,0.783091
4,7,2,55,A17,Guave,Psidium,cattleianum,Murtaceae,6,S,-0.1651828,0.1234744,-0.5526,x,0.2346492,-0.2688609,0.13184,0.65656,-5.16E+15,x,0.783091
4,7,2,55,A17,Guave,Psidium,cattleianum,Murtaceae,7,L,-0.1651828,0.1234744,-0.5526,x,0.2346492,-0.2688609,0.13184,0.65656,-5.16E+15,x,0.783091
4,7,2,56,A17,Guave,Psidium,cattleianum,Murtaceae,4,L,-0.1651828,0.1234744,-0.5526,x,0.2346492,-0.2688609,0.13184,0.65656,-5.16E+15,x,0.783091
4,7,2,56,A17,Guave,Psidium,cattleianum,Murtaceae,5,T,-0.1651828,0.1234744,-0.5526,x,0.2346492,-0.2688609,0.13184,0.65656,-5.16E+15,x,0.783091
4,7,2,56,A17,Guave,Psidium,cattleianum,Murtaceae,6,S,-0.1651828,0.1234744,-0.5526,x,0.2346492,-0.2688609,0.13184,0.65656,-5.16E+15,x,0.783091
4,7,2,56,A17,Guave,Psidium,cattleianum,Murtaceae,7,S,-0.1651828,0.1234744,-0.5526,x,0.2346492,-0.2688609,0.13184,0.65656,-5.16E+15,x,0.783091
4,7,2,57,A17,Guave,Psidium,cattleianum,Murtaceae,4,S,-0.1651828,0.1234744,-0.5526,x,0.2346492,-0.2688609,0.13184,0.65656,-5.16E+15,x,0.783091
4,7,2,57,A17,Guave,Psidium,cattleianum,Murtaceae,5,R,-0.1651828,0.1234744,-0.5526,x,0.2346492,-0.2688609,0.13184,0.65656,-5.16E+15,x,0.783091
4,7,2,57,A17,Guave,Psidium,cattleianum,Murtaceae,6,R,-0.1651828,0.1234744,-0.5526,x,0.2346492,-0.2688609,0.13184,0.65656,-5.16E+15,x,0.783091
4,7,2,57,A17,Guave,Psidium,cattleianum,Murtaceae,7,R,-0.1651828,0.1234744,-0.5526,x,0.2346492,-0.2688609,0.13184,0.65656,-5.16E+15,x,0.783091
4,7,2,58,A18,Guave,Psidium,cattleianum,Murtaceae,4,L,-0.1651828,0.1234744,-0.5526,x,0.2346492,-0.2688609,0.13184,0.65656,-5.16E+15,x,0.783091
4,7,2,58,A18,Guave,Psidium,cattleianum,Murtaceae,5,S,-0.1651828,0.1234744,-0.5526,x,0.2346492,-0.2688609,0.13184,0.65656,-5.16E+15,x,0.783091
4,7,2,58,A18,Guave,Psidium,cattleianum,Murtaceae,6,L,-0.1651828,0.1234744,-0.5526,x,0.2346492,-0.2688609,0.13184,0.65656,-5.16E+15,x,0.783091
4,7,2,58,A18,Guave,Psidium,cattleianum,Murtaceae,7,L,-0.1651828,0.1234744,-0.5526,x,0.2346492,-0.2688609,0.13184,0.65656,-5.16E+15,x,0.783091
4,7,2,59,A18,Guave,Psidium,cattleianum,Murtaceae,4,T,-0.1651828,0.1234744,-0.5526,x,0.2346492,-0.2688609,0.13184,0.65656,-5.16E+15,x,0.783091
4,7,2,59,A18,Guave,Psidium,cattleianum,Murtaceae,5,S,-0.1651828,0.1234744,-0.5526,x,0.2346492,-0.2688609,0.13184,0.65656,-5.16E+15,x,0.783091
4,7,2,59,A18,Guave,Psidium,cattleianum,Murtaceae,6,R,-0.1651828,0.1234744,-0.5526,x,0.2346492,-0.2688609,0.13184,0.65656,-5.16E+15,x,0.783091
4,7,2,59,A18,Guave,Psidium,cattleianum,Murtaceae,7,L,-0.1651828,0.1234744,-0.5526,x,0.2346492,-0.2688609,0.13184,0.65656,-5.16E+15,x,0.783091
4,7,2,60,A18,Guave,Psidium,cattleianum,Murtaceae,4,R,-0.1651828,0.1234744,-0.5526,x,0.2346492,-0.2688609,0.13184,0.65656,-5.16E+15,x,0.783091
4,7,2,60,A18,Guave,Psidium,cattleianum,Murtaceae,5,S,-0.1651828,0.1234744,-0.5526,x,0.2346492,-0.2688609,0.13184,0.65656,-5.16E+15,x,0.783091
4,7,2,60,A18,Guave,Psidium,cattleianum,Murtaceae,6,S,-0.1651828,0.1234744,-0.5526,x,0.2346492,-0.2688609,0.13184,0.65656,-5.16E+15,x,0.783091
4,7,2,60,A18,Guave,Psidium,cattleianum,Murtaceae,7,L,-0.1651828,0.1234744,-0.5526,x,0.2346492,-0.2688609,0.13184,0.65656,-5.16E+15,x,0.783091
4,7,2,61,A18,Guave,Psidium,cattleianum,Murtaceae,4,R,-0.1651828,0.1234744,-0.5526,x,0.2346492,-0.2688609,0.13184,0.65656,-5.16E+15,x,0.783091
4,7,2,61,A18,Guave,Psidium,cattleianum,Murtaceae,5,T,-0.1651828,0.1234744,-0.5526,x,0.2346492,-0.2688609,0.13184,0.65656,-5.16E+15,x,0.783091
4,7,2,61,A18,Guave,Psidium,cattleianum,Murtaceae,6,R,-0.1651828,0.1234744,-0.5526,x,0.2346492,-0.2688609,0.13184,0.65656,-5.16E+15,x,0.783091
4,7,2,61,A18,Guave,Psidium,cattleianum,Murtaceae,7,R,-0.1651828,0.1234744,-0.5526,x,0.2346492,-0.2688609,0.13184,0.65656,-5.16E+15,x,0.783091
4,7,2,61,A19,Guave,Psidium,cattleianum,Murtaceae,4,L,-0.1651828,0.1234744,-0.5526,x,0.2346492,-0.2688609,0.13184,0.65656,-5.16E+15,x,0.783091
4,7,2,61,A19,Guave,Psidium,cattleianum,Murtaceae,5,S,-0.1651828,0.1234744,-0.5526,x,0.2346492,-0.2688609,0.13184,0.65656,-5.16E+15,x,0.783091
4,7,2,61,A19,Guave,Psidium,cattleianum,Murtaceae,6,R,-0.1651828,0.1234744,-0.5526,x,0.2346492,-0.2688609,0.13184,0.65656,-5.16E+15,x,0.783091
4,7,2,61,A19,Guave,Psidium,cattleianum,Murtaceae,7,R,-0.1651828,0.1234744,-0.5526,x,0.2346492,-0.2688609,0.13184,0.65656,-5.16E+15,x,0.783091
4,7,2,62,A19,Guave,Psidium,cattleianum,Murtaceae,4,S,-0.1651828,0.1234744,-0.5526,x,0.2346492,-0.2688609,0.13184,0.65656,-5.16E+15,x,0.783091
4,7,2,62,A19,Guave,Psidium,cattleianum,Murtaceae,5,L,-0.1651828,0.1234744,-0.5526,x,0.2346492,-0.2688609,0.13184,0.65656,-5.16E+15,x,0.783091
4,7,2,62,A19,Guave,Psidium,cattleianum,Murtaceae,6,R,-0.1651828,0.1234744,-0.5526,x,0.2346492,-0.2688609,0.13184,0.65656,-5.16E+15,x,0.783091
4,7,2,62,A19,Guave,Psidium,cattleianum,Murtaceae,7,R,-0.1651828,0.1234744,-0.5526,x,0.2346492,-0.2688609,0.13184,0.65656,-5.16E+15,x,0.783091
4,7,2,63,A19,Guave,Psidium,cattleianum,Murtaceae,4,T,-0.1651828,0.1234744,-0.5526,x,0.2346492,-0.2688609,0.13184,0.65656,-5.16E+15,x,0.783091
4,7,2,63,A19,Guave,Psidium,cattleianum,Murtaceae,5,R,-0.1651828,0.1234744,-0.5526,x,0.2346492,-0.2688609,0.13184,0.65656,-5.16E+15,x,0.783091
4,7,2,63,A19,Guave,Psidium,cattleianum,Murtaceae,6,R,-0.1651828,0.1234744,-0.5526,x,0.2346492,-0.2688609,0.13184,0.65656,-5.16E+15,x,0.783091
4,7,2,63,A19,Guave,Psidium,cattleianum,Murtaceae,7,R,-0.1651828,0.1234744,-0.5526,x,0.2346492,-0.2688609,0.13184,0.65656,-5.16E+15,x,0.783091
4,7,2,67,A21,Fohaninasity,Psychotria,reducta,Rubiaceae,4,R,0.2638136,0.1000804,-0.1751,-0.2964,-0.006577694,0.1574547,0.10774,0.79329,4.45E+15,-2.47E+15,0.7486506
4,7,2,67,A21,Fohaninasity,Psychotria,reducta,Rubiaceae,5,R,0.2638136,0.1000804,-0.1751,-0.2964,-0.006577694,0.1574547,0.10774,0.79329,4.45E+15,-2.47E+15,0.7486506
4,7,2,67,A21,Fohaninasity,Psychotria,reducta,Rubiaceae,6,L,0.2638136,0.1000804,-0.1751,-0.2964,-0.006577694,0.1574547,0.10774,0.79329,4.45E+15,-2.47E+15,0.7486506
4,7,2,67,A21,Fohaninasity,Psychotria,reducta,Rubiaceae,7,R,0.2638136,0.1000804,-0.1751,-0.2964,-0.006577694,0.1574547,0.10774,0.79329,4.45E+15,-2.47E+15,0.7486506
4,7,2,68,A21,Fohaninasity,Psychotria,reducta,Rubiaceae,4,R,0.2638136,0.1000804,-0.1751,-0.2964,-0.006577694,0.1574547,0.10774,0.79329,4.45E+15,-2.47E+15,0.7486506
4,7,2,68,A21,Fohaninasity,Psychotria,reducta,Rubiaceae,5,R,0.2638136,0.1000804,-0.1751,-0.2964,-0.006577694,0.1574547,0.10774,0.79329,4.45E+15,-2.47E+15,0.7486506
4,7,2,68,A21,Fohaninasity,Psychotria,reducta,Rubiaceae,6,L,0.2638136,0.1000804,-0.1751,-0.2964,-0.006577694,0.1574547,0.10774,0.79329,4.45E+15,-2.47E+15,0.7486506
4,7,2,68,A21,Fohaninasity,Psychotria,reducta,Rubiaceae,7,R,0.2638136,0.1000804,-0.1751,-0.2964,-0.006577694,0.1574547,0.10774,0.79329,4.45E+15,-2.47E+15,0.7486506
4,7,2,69,A21,Fohaninasity,Psychotria,reducta,Rubiaceae,4,R,0.2638136,0.1000804,-0.1751,-0.2964,-0.006577694,0.1574547,0.10774,0.79329,4.45E+15,-2.47E+15,0.7486506
4,7,2,69,A21,Fohaninasity,Psychotria,reducta,Rubiaceae,5,R,0.2638136,0.1000804,-0.1751,-0.2964,-0.006577694,0.1574547,0.10774,0.79329,4.45E+15,-2.47E+15,0.7486506
4,7,2,69,A21,Fohaninasity,Psychotria,reducta,Rubiaceae,6,L,0.2638136,0.1000804,-0.1751,-0.2964,-0.006577694,0.1574547,0.10774,0.79329,4.45E+15,-2.47E+15,0.7486506
4,7,2,69,A21,Fohaninasity,Psychotria,reducta,Rubiaceae,7,R,0.2638136,0.1000804,-0.1751,-0.2964,-0.006577694,0.1574547,0.10774,0.79329,4.45E+15,-2.47E+15,0.7486506
4,7,2,70,A21,Fohaninasity,Psychotria,reducta,Rubiaceae,4,R,0.2638136,0.1000804,-0.1751,-0.2964,-0.006577694,0.1574547,0.10774,0.79329,4.45E+15,-2.47E+15,0.7486506
4,7,2,70,A21,Fohaninasity,Psychotria,reducta,Rubiaceae,5,R,0.2638136,0.1000804,-0.1751,-0.2964,-0.006577694,0.1574547,0.10774,0.79329,4.45E+15,-2.47E+15,0.7486506
4,7,2,70,A21,Fohaninasity,Psychotria,reducta,Rubiaceae,6,L,0.2638136,0.1000804,-0.1751,-0.2964,-0.006577694,0.1574547,0.10774,0.79329,4.45E+15,-2.47E+15,0.7486506
4,7,2,70,A21,Fohaninasity,Psychotria,reducta,Rubiaceae,7,R,0.2638136,0.1000804,-0.1751,-0.2964,-0.006577694,0.1574547,0.10774,0.79329,4.45E+15,-2.47E+15,0.7486506
11,7,2,78,A24,Voara,Ficus,botryoides,Moaraceae,4,S,-0.10142,0.0751,0.2721,0.3719,0.1633247,-0.2252456,0.43471,0.90338,2.04E+16,3.00E+15,0.8034906
11,7,2,78,A24,Voara,Ficus,botryoides,Moaraceae,5,R,-0.10142,0.0751,0.2721,0.3719,0.1633247,-0.2252456,0.43471,0.90338,2.04E+16,3.00E+15,0.8034906
11,7,2,78,A24,Voara,Ficus,botryoides,Moaraceae,6,R,-0.10142,0.0751,0.2721,0.3719,0.1633247,-0.2252456,0.43471,0.90338,2.04E+16,3.00E+15,0.8034906
11,7,2,78,A24,Voara,Ficus,botryoides,Moaraceae,7,R,-0.10142,0.0751,0.2721,0.3719,0.1633247,-0.2252456,0.43471,0.90338,2.04E+16,3.00E+15,0.8034906
11,7,2,79,A24,Voara,Ficus,botryoides,Moaraceae,4,S,-0.10142,0.0751,0.2721,0.3719,0.1633247,-0.2252456,0.43471,0.90338,2.04E+16,3.00E+15,0.8034906
11,7,2,79,A24,Voara,Ficus,botryoides,Moaraceae,5,R,-0.10142,0.0751,0.2721,0.3719,0.1633247,-0.2252456,0.43471,0.90338,2.04E+16,3.00E+15,0.8034906
11,7,2,79,A24,Voara,Ficus,botryoides,Moaraceae,6,R,-0.10142,0.0751,0.2721,0.3719,0.1633247,-0.2252456,0.43471,0.90338,2.04E+16,3.00E+15,0.8034906
11,7,2,79,A24,Voara,Ficus,botryoides,Moaraceae,7,R,-0.10142,0.0751,0.2721,0.3719,0.1633247,-0.2252456,0.43471,0.90338,2.04E+16,3.00E+15,0.8034906
11,7,2,80,A24,Voara,Ficus,botryoides,Moaraceae,4,S,-0.10142,0.0751,0.2721,0.3719,0.1633247,-0.2252456,0.43471,0.90338,2.04E+16,3.00E+15,0.8034906
11,7,2,80,A24,Voara,Ficus,botryoides,Moaraceae,5,R,-0.10142,0.0751,0.2721,0.3719,0.1633247,-0.2252456,0.43471,0.90338,2.04E+16,3.00E+15,0.8034906
11,7,2,80,A24,Voara,Ficus,botryoides,Moaraceae,6,R,-0.10142,0.0751,0.2721,0.3719,0.1633247,-0.2252456,0.43471,0.90338,2.04E+16,3.00E+15,0.8034906
11,7,2,80,A24,Voara,Ficus,botryoides,Moaraceae,7,R,-0.10142,0.0751,0.2721,0.3719,0.1633247,-0.2252456,0.43471,0.90338,2.04E+16,3.00E+15,0.8034906
11,7,2,81,A24,Voara,Ficus,botryoides,Moaraceae,4,S,-0.10142,0.0751,0.2721,0.3719,0.1633247,-0.2252456,0.43471,0.90338,2.04E+16,3.00E+15,0.8034906
11,7,2,81,A24,Voara,Ficus,botryoides,Moaraceae,5,R,-0.10142,0.0751,0.2721,0.3719,0.1633247,-0.2252456,0.43471,0.90338,2.04E+16,3.00E+15,0.8034906
11,7,2,81,A24,Voara,Ficus,botryoides,Moaraceae,6,R,-0.10142,0.0751,0.2721,0.3719,0.1633247,-0.2252456,0.43471,0.90338,2.04E+16,3.00E+15,0.8034906
11,7,2,81,A24,Voara,Ficus,botryoides,Moaraceae,7,R,-0.10142,0.0751,0.2721,0.3719,0.1633247,-0.2252456,0.43471,0.90338,2.04E+16,3.00E+15,0.8034906
11,7,2,82,A24,Voara,Ficus,botryoides,Moaraceae,4,S,-0.10142,0.0751,0.2721,0.3719,0.1633247,-0.2252456,0.43471,0.90338,2.04E+16,3.00E+15,0.8034906
11,7,2,82,A24,Voara,Ficus,botryoides,Moaraceae,5,R,-0.10142,0.0751,0.2721,0.3719,0.1633247,-0.2252456,0.43471,0.90338,2.04E+16,3.00E+15,0.8034906
11,7,2,82,A24,Voara,Ficus,botryoides,Moaraceae,6,R,-0.10142,0.0751,0.2721,0.3719,0.1633247,-0.2252456,0.43471,0.90338,2.04E+16,3.00E+15,0.8034906
11,7,2,82,A24,Voara,Ficus,botryoides,Moaraceae,7,R,-0.10142,0.0751,0.2721,0.3719,0.1633247,-0.2252456,0.43471,0.90338,2.04E+16,3.00E+15,0.8034906
11,7,2,83,A25,Vandrika,Craspidospermum,verticillatum,Lauraceae,4,S,0.668586,-0.343942,0.63386,-0.0383,-0.5579669,0.02124749,0.09294,0.1522,2.89E+15,3.63E+15,0.7963576
11,7,2,83,A25,Vandrika,Craspidospermum,verticillatum,Lauraceae,5,R,0.668586,-0.343942,0.63386,-0.0383,-0.5579669,0.02124749,0.09294,0.1522,2.89E+15,3.63E+15,0.7963576
11,7,2,83,A25,Vandrika,Craspidospermum,verticillatum,Lauraceae,6,S,0.668586,-0.343942,0.63386,-0.0383,-0.5579669,0.02124749,0.09294,0.1522,2.89E+15,3.63E+15,0.7963576
11,7,2,83,A25,Vandrika,Craspidospermum,verticillatum,Lauraceae,7,R,0.668586,-0.343942,0.63386,-0.0383,-0.5579669,0.02124749,0.09294,0.1522,2.89E+15,3.63E+15,0.7963576
11,7,2,84,A25,Vandrika,Craspidospermum,verticillatum,Lauraceae,4,S,0.668586,-0.343942,0.63386,-0.0383,-0.5579669,0.02124749,0.09294,0.1522,2.89E+15,3.63E+15,0.7963576
11,7,2,84,A25,Vandrika,Craspidospermum,verticillatum,Lauraceae,5,S,0.668586,-0.343942,0.63386,-0.0383,-0.5579669,0.02124749,0.09294,0.1522,2.89E+15,3.63E+15,0.7963576
11,7,2,84,A25,Vandrika,Craspidospermum,verticillatum,Lauraceae,6,S,0.668586,-0.343942,0.63386,-0.0383,-0.5579669,0.02124749,0.09294,0.1522,2.89E+15,3.63E+15,0.7963576
11,7,2,84,A25,Vandrika,Craspidospermum,verticillatum,Lauraceae,7,S,0.668586,-0.343942,0.63386,-0.0383,-0.5579669,0.02124749,0.09294,0.1522,2.89E+15,3.63E+15,0.7963576
11,7,2,85,A25,Vandrika,Craspidospermum,verticillatum,Lauraceae,4,S,0.668586,-0.343942,0.63386,-0.0383,-0.5579669,0.02124749,0.09294,0.1522,2.89E+15,3.63E+15,0.7963576
11,7,2,85,A25,Vandrika,Craspidospermum,verticillatum,Lauraceae,5,S,0.668586,-0.343942,0.63386,-0.0383,-0.5579669,0.02124749,0.09294,0.1522,2.89E+15,3.63E+15,0.7963576
11,7,2,85,A25,Vandrika,Craspidospermum,verticillatum,Lauraceae,6,S,0.668586,-0.343942,0.63386,-0.0383,-0.5579669,0.02124749,0.09294,0.1522,2.89E+15,3.63E+15,0.7963576
11,7,2,85,A25,Vandrika,Craspidospermum,verticillatum,Lauraceae,7,S,0.668586,-0.343942,0.63386,-0.0383,-0.5579669,0.02124749,0.09294,0.1522,2.89E+15,3.63E+15,0.7963576
11,7,2,86,A25,Vandrika,Craspidospermum,verticillatum,Lauraceae,4,S,0.668586,-0.343942,0.63386,-0.0383,-0.5579669,0.02124749,0.09294,0.1522,2.89E+15,3.63E+15,0.7963576
11,7,2,86,A25,Vandrika,Craspidospermum,verticillatum,Lauraceae,5,S,0.668586,-0.343942,0.63386,-0.0383,-0.5579669,0.02124749,0.09294,0.1522,2.89E+15,3.63E+15,0.7963576
11,7,2,86,A25,Vandrika,Craspidospermum,verticillatum,Lauraceae,6,S,0.668586,-0.343942,0.63386,-0.0383,-0.5579669,0.02124749,0.09294,0.1522,2.89E+15,3.63E+15,0.7963576
11,7,2,86,A25,Vandrika,Craspidospermum,verticillatum,Lauraceae,7,S,0.668586,-0.343942,0.63386,-0.0383,-0.5579669,0.02124749,0.09294,0.1522,2.89E+15,3.63E+15,0.7963576
11,7,2,87,A25,Vandrika,Craspidospermum,verticillatum,Lauraceae,4,S,0.668586,-0.343942,0.63386,-0.0383,-0.5579669,0.02124749,0.09294,0.1522,2.89E+15,3.63E+15,0.7963576
11,7,2,87,A25,Vandrika,Craspidospermum,verticillatum,Lauraceae,5,R,0.668586,-0.343942,0.63386,-0.0383,-0.5579669,0.02124749,0.09294,0.1522,2.89E+15,3.63E+15,0.7963576
11,7,2,87,A25,Vandrika,Craspidospermum,verticillatum,Lauraceae,6,R,0.668586,-0.343942,0.63386,-0.0383,-0.5579669,0.02124749,0.09294,0.1522,2.89E+15,3.63E+15,0.7963576
11,7,2,87,A25,Vandrika,Craspidospermum,verticillatum,Lauraceae,7,R,0.668586,-0.343942,0.63386,-0.0383,-0.5579669,0.02124749,0.09294,0.1522,2.89E+15,3.63E+15,0.7963576
11,7,2,88,A25,Vandrika,Craspidospermum,verticillatum,Lauraceae,4,S,0.668586,-0.343942,0.63386,-0.0383,-0.5579669,0.02124749,0.09294,0.1522,2.89E+15,3.63E+15,0.7963576
11,7,2,88,A25,Vandrika,Craspidospermum,verticillatum,Lauraceae,5,S,0.668586,-0.343942,0.63386,-0.0383,-0.5579669,0.02124749,0.09294,0.1522,2.89E+15,3.63E+15,0.7963576
11,7,2,88,A25,Vandrika,Craspidospermum,verticillatum,Lauraceae,6,S,0.668586,-0.343942,0.63386,-0.0383,-0.5579669,0.02124749,0.09294,0.1522,2.89E+15,3.63E+15,0.7963576
11,7,2,88,A25,Vandrika,Craspidospermum,verticillatum,Lauraceae,7,S,0.668586,-0.343942,0.63386,-0.0383,-0.5579669,0.02124749,0.09294,0.1522,2.89E+15,3.63E+15,0.7963576
11,7,2,89,A26,Vandrika,Craspidospermum,verticillatum,Lauraceae,4,S,0.668586,-0.343942,0.63386,-0.0383,-0.5579669,0.02124749,0.09294,0.1522,2.89E+15,3.63E+15,0.7963576
11,7,2,89,A26,Vandrika,Craspidospermum,verticillatum,Lauraceae,5,S,0.668586,-0.343942,0.63386,-0.0383,-0.5579669,0.02124749,0.09294,0.1522,2.89E+15,3.63E+15,0.7963576
11,7,2,89,A26,Vandrika,Craspidospermum,verticillatum,Lauraceae,6,R,0.668586,-0.343942,0.63386,-0.0383,-0.5579669,0.02124749,0.09294,0.1522,2.89E+15,3.63E+15,0.7963576
11,7,2,89,A26,Vandrika,Craspidospermum,verticillatum,Lauraceae,7,S,0.668586,-0.343942,0.63386,-0.0383,-0.5579669,0.02124749,0.09294,0.1522,2.89E+15,3.63E+15,0.7963576
11,7,2,90,A26,Vandrika,Craspidospermum,verticillatum,Lauraceae,4,S,0.668586,-0.343942,0.63386,-0.0383,-0.5579669,0.02124749,0.09294,0.1522,2.89E+15,3.63E+15,0.7963576
11,7,2,90,A26,Vandrika,Craspidospermum,verticillatum,Lauraceae,5,S,0.668586,-0.343942,0.63386,-0.0383,-0.5579669,0.02124749,0.09294,0.1522,2.89E+15,3.63E+15,0.7963576
11,7,2,90,A26,Vandrika,Craspidospermum,verticillatum,Lauraceae,6,R,0.668586,-0.343942,0.63386,-0.0383,-0.5579669,0.02124749,0.09294,0.1522,2.89E+15,3.63E+15,0.7963576
11,7,2,90,A26,Vandrika,Craspidospermum,verticillatum,Lauraceae,7,R,0.668586,-0.343942,0.63386,-0.0383,-0.5579669,0.02124749,0.09294,0.1522,2.89E+15,3.63E+15,0.7963576
11,7,2,91,A26,Vandrika,Craspidospermum,verticillatum,Lauraceae,4,S,0.668586,-0.343942,0.63386,-0.0383,-0.5579669,0.02124749,0.09294,0.1522,2.89E+15,3.63E+15,0.7963576
11,7,2,91,A26,Vandrika,Craspidospermum,verticillatum,Lauraceae,5,S,0.668586,-0.343942,0.63386,-0.0383,-0.5579669,0.02124749,0.09294,0.1522,2.89E+15,3.63E+15,0.7963576
11,7,2,91,A26,Vandrika,Craspidospermum,verticillatum,Lauraceae,6,S,0.668586,-0.343942,0.63386,-0.0383,-0.5579669,0.02124749,0.09294,0.1522,2.89E+15,3.63E+15,0.7963576
11,7,2,91,A26,Vandrika,Craspidospermum,verticillatum,Lauraceae,7,R,0.668586,-0.343942,0.63386,-0.0383,-0.5579669,0.02124749,0.09294,0.1522,2.89E+15,3.63E+15,0.7963576
11,7,2,92,A26,Vandrika,Craspidospermum,verticillatum,Lauraceae,4,T,0.668586,-0.343942,0.63386,-0.0383,-0.5579669,0.02124749,0.09294,0.1522,2.89E+15,3.63E+15,0.7963576
11,7,2,92,A26,Vandrika,Craspidospermum,verticillatum,Lauraceae,5,S,0.668586,-0.343942,0.63386,-0.0383,-0.5579669,0.02124749,0.09294,0.1522,2.89E+15,3.63E+15,0.7963576
11,7,2,92,A26,Vandrika,Craspidospermum,verticillatum,Lauraceae,6,R,0.668586,-0.343942,0.63386,-0.0383,-0.5579669,0.02124749,0.09294,0.1522,2.89E+15,3.63E+15,0.7963576
11,7,2,92,A26,Vandrika,Craspidospermum,verticillatum,Lauraceae,7,R,0.668586,-0.343942,0.63386,-0.0383,-0.5579669,0.02124749,0.09294,0.1522,2.89E+15,3.63E+15,0.7963576
11,7,2,93,A27,Fohaninasity,Psychotria,reducta,Rubiaceae,4,T,0.2638136,0.1000804,-0.1751,-0.2964,-0.006577694,0.1574547,0.10774,0.79329,4.45E+15,-2.47E+15,0.7486506
11,7,2,93,A27,Fohaninasity,Psychotria,reducta,Rubiaceae,5,R,0.2638136,0.1000804,-0.1751,-0.2964,-0.006577694,0.1574547,0.10774,0.79329,4.45E+15,-2.47E+15,0.7486506
11,7,2,93,A27,Fohaninasity,Psychotria,reducta,Rubiaceae,6,L,0.2638136,0.1000804,-0.1751,-0.2964,-0.006577694,0.1574547,0.10774,0.79329,4.45E+15,-2.47E+15,0.7486506
11,7,2,93,A27,Fohaninasity,Psychotria,reducta,Rubiaceae,7,R,0.2638136,0.1000804,-0.1751,-0.2964,-0.006577694,0.1574547,0.10774,0.79329,4.45E+15,-2.47E+15,0.7486506
11,7,2,94,A27,Fohaninasity,Psychotria,reducta,Rubiaceae,4,S,0.2638136,0.1000804,-0.1751,-0.2964,-0.006577694,0.1574547,0.10774,0.79329,4.45E+15,-2.47E+15,0.7486506
11,7,2,94,A27,Fohaninasity,Psychotria,reducta,Rubiaceae,5,R,0.2638136,0.1000804,-0.1751,-0.2964,-0.006577694,0.1574547,0.10774,0.79329,4.45E+15,-2.47E+15,0.7486506
11,7,2,94,A27,Fohaninasity,Psychotria,reducta,Rubiaceae,6,R,0.2638136,0.1000804,-0.1751,-0.2964,-0.006577694,0.1574547,0.10774,0.79329,4.45E+15,-2.47E+15,0.7486506
11,7,2,94,A27,Fohaninasity,Psychotria,reducta,Rubiaceae,7,R,0.2638136,0.1000804,-0.1751,-0.2964,-0.006577694,0.1574547,0.10774,0.79329,4.45E+15,-2.47E+15,0.7486506
11,7,2,95,A27,Fohaninasity,Psychotria,reducta,Rubiaceae,4,S,0.2638136,0.1000804,-0.1751,-0.2964,-0.006577694,0.1574547,0.10774,0.79329,4.45E+15,-2.47E+15,0.7486506
11,7,2,95,A27,Fohaninasity,Psychotria,reducta,Rubiaceae,5,R,0.2638136,0.1000804,-0.1751,-0.2964,-0.006577694,0.1574547,0.10774,0.79329,4.45E+15,-2.47E+15,0.7486506
11,7,2,95,A27,Fohaninasity,Psychotria,reducta,Rubiaceae,6,R,0.2638136,0.1000804,-0.1751,-0.2964,-0.006577694,0.1574547,0.10774,0.79329,4.45E+15,-2.47E+15,0.7486506
11,7,2,95,A27,Fohaninasity,Psychotria,reducta,Rubiaceae,7,R,0.2638136,0.1000804,-0.1751,-0.2964,-0.006577694,0.1574547,0.10774,0.79329,4.45E+15,-2.47E+15,0.7486506
11,7,2,96,A27,Fohaninasity,Psychotria,reducta,Rubiaceae,4,T,0.2638136,0.1000804,-0.1751,-0.2964,-0.006577694,0.1574547,0.10774,0.79329,4.45E+15,-2.47E+15,0.7486506
11,7,2,96,A27,Fohaninasity,Psychotria,reducta,Rubiaceae,5,R,0.2638136,0.1000804,-0.1751,-0.2964,-0.006577694,0.1574547,0.10774,0.79329,4.45E+15,-2.47E+15,0.7486506
11,7,2,96,A27,Fohaninasity,Psychotria,reducta,Rubiaceae,6,L,0.2638136,0.1000804,-0.1751,-0.2964,-0.006577694,0.1574547,0.10774,0.79329,4.45E+15,-2.47E+15,0.7486506
11,7,2,96,A27,Fohaninasity,Psychotria,reducta,Rubiaceae,7,R,0.2638136,0.1000804,-0.1751,-0.2964,-0.006577694,0.1574547,0.10774,0.79329,4.45E+15,-2.47E+15,0.7486506
11,7,2,97,A27,Fohaninasity,Psychotria,reducta,Rubiaceae,4,S,0.2638136,0.1000804,-0.1751,-0.2964,-0.006577694,0.1574547,0.10774,0.79329,4.45E+15,-2.47E+15,0.7486506
11,7,2,97,A27,Fohaninasity,Psychotria,reducta,Rubiaceae,5,R,0.2638136,0.1000804,-0.1751,-0.2964,-0.006577694,0.1574547,0.10774,0.79329,4.45E+15,-2.47E+15,0.7486506
11,7,2,97,A27,Fohaninasity,Psychotria,reducta,Rubiaceae,6,R,0.2638136,0.1000804,-0.1751,-0.2964,-0.006577694,0.1574547,0.10774,0.79329,4.45E+15,-2.47E+15,0.7486506
11,7,2,97,A27,Fohaninasity,Psychotria,reducta,Rubiaceae,7,R,0.2638136,0.1000804,-0.1751,-0.2964,-0.006577694,0.1574547,0.10774,0.79329,4.45E+15,-2.47E+15,0.7486506
11,7,2,98,A27,Fohaninasity,Psychotria,reducta,Rubiaceae,4,L,0.2638136,0.1000804,-0.1751,-0.2964,-0.006577694,0.1574547,0.10774,0.79329,4.45E+15,-2.47E+15,0.7486506
11,7,2,98,A27,Fohaninasity,Psychotria,reducta,Rubiaceae,5,T,0.2638136,0.1000804,-0.1751,-0.2964,-0.006577694,0.1574547,0.10774,0.79329,4.45E+15,-2.47E+15,0.7486506
11,7,2,98,A27,Fohaninasity,Psychotria,reducta,Rubiaceae,6,L,0.2638136,0.1000804,-0.1751,-0.2964,-0.006577694,0.1574547,0.10774,0.79329,4.45E+15,-2.47E+15,0.7486506
11,7,2,98,A27,Fohaninasity,Psychotria,reducta,Rubiaceae,7,L,0.2638136,0.1000804,-0.1751,-0.2964,-0.006577694,0.1574547,0.10774,0.79329,4.45E+15,-2.47E+15,0.7486506
11,7,2,99,A27,Fohaninasity,Psychotria,reducta,Rubiaceae,4,L,0.2638136,0.1000804,-0.1751,-0.2964,-0.006577694,0.1574547,0.10774,0.79329,4.45E+15,-2.47E+15,0.7486506
11,7,2,99,A27,Fohaninasity,Psychotria,reducta,Rubiaceae,5,S,0.2638136,0.1000804,-0.1751,-0.2964,-0.006577694,0.1574547,0.10774,0.79329,4.45E+15,-2.47E+15,0.7486506
11,7,2,99,A27,Fohaninasity,Psychotria,reducta,Rubiaceae,6,L,0.2638136,0.1000804,-0.1751,-0.2964,-0.006577694,0.1574547,0.10774,0.79329,4.45E+15,-2.47E+15,0.7486506
11,7,2,99,A27,Fohaninasity,Psychotria,reducta,Rubiaceae,7,L,0.2638136,0.1000804,-0.1751,-0.2964,-0.006577694,0.1574547,0.10774,0.79329,4.45E+15,-2.47E+15,0.7486506
11,7,2,100,A27,Fohaninasity,Psychotria,reducta,Rubiaceae,4,T,0.2638136,0.1000804,-0.1751,-0.2964,-0.006577694,0.1574547,0.10774,0.79329,4.45E+15,-2.47E+15,0.7486506
11,7,2,100,A27,Fohaninasity,Psychotria,reducta,Rubiaceae,5,S,0.2638136,0.1000804,-0.1751,-0.2964,-0.006577694,0.1574547,0.10774,0.79329,4.45E+15,-2.47E+15,0.7486506
11,7,2,100,A27,Fohaninasity,Psychotria,reducta,Rubiaceae,6,T,0.2638136,0.1000804,-0.1751,-0.2964,-0.006577694,0.1574547,0.10774,0.79329,4.45E+15,-2.47E+15,0.7486506
11,7,2,100,A27,Fohaninasity,Psychotria,reducta,Rubiaceae,7,L,0.2638136,0.1000804,-0.1751,-0.2964,-0.006577694,0.1574547,0.10774,0.79329,4.45E+15,-2.47E+15,0.7486506
11,7,2,101,A27,Fohaninasity,Psychotria,reducta,Rubiaceae,4,L,0.2638136,0.1000804,-0.1751,-0.2964,-0.006577694,0.1574547,0.10774,0.79329,4.45E+15,-2.47E+15,0.7486506
11,7,2,101,A27,Fohaninasity,Psychotria,reducta,Rubiaceae,5,L,0.2638136,0.1000804,-0.1751,-0.2964,-0.006577694,0.1574547,0.10774,0.79329,4.45E+15,-2.47E+15,0.7486506
11,7,2,101,A27,Fohaninasity,Psychotria,reducta,Rubiaceae,6,L,0.2638136,0.1000804,-0.1751,-0.2964,-0.006577694,0.1574547,0.10774,0.79329,4.45E+15,-2.47E+15,0.7486506
11,7,2,101,A27,Fohaninasity,Psychotria,reducta,Rubiaceae,7,T,0.2638136,0.1000804,-0.1751,-0.2964,-0.006577694,0.1574547,0.10774,0.79329,4.45E+15,-2.47E+15,0.7486506
11,7,2,102,A28,Kalafana,Oncostemum ,botryoides,Primulaceae,4,S,0.337045,-0.2963,0.01309,-0.1997,-0.1213062,-0.3460621,0.12076,0.45294,4.86E+15,-6.03E+15,0.8569135
11,7,2,102,A28,Kalafana,Oncostemum ,botryoides,Primulaceae,5,S,0.337045,-0.2963,0.01309,-0.1997,-0.1213062,-0.3460621,0.12076,0.45294,4.86E+15,-6.03E+15,0.8569135
11,7,2,102,A28,Kalafana,Oncostemum ,botryoides,Primulaceae,6,S,0.337045,-0.2963,0.01309,-0.1997,-0.1213062,-0.3460621,0.12076,0.45294,4.86E+15,-6.03E+15,0.8569135
11,7,2,102,A28,Kalafana,Oncostemum ,botryoides,Primulaceae,7,R,0.337045,-0.2963,0.01309,-0.1997,-0.1213062,-0.3460621,0.12076,0.45294,4.86E+15,-6.03E+15,0.8569135
11,7,2,103,A28,Kalafana,Oncostemum ,botryoides,Primulaceae,4,S,0.337045,-0.2963,0.01309,-0.1997,-0.1213062,-0.3460621,0.12076,0.45294,4.86E+15,-6.03E+15,0.8569135
11,7,2,103,A28,Kalafana,Oncostemum ,botryoides,Primulaceae,5,T,0.337045,-0.2963,0.01309,-0.1997,-0.1213062,-0.3460621,0.12076,0.45294,4.86E+15,-6.03E+15,0.8569135
11,7,2,103,A28,Kalafana,Oncostemum ,botryoides,Primulaceae,6,S,0.337045,-0.2963,0.01309,-0.1997,-0.1213062,-0.3460621,0.12076,0.45294,4.86E+15,-6.03E+15,0.8569135
11,7,2,103,A28,Kalafana,Oncostemum ,botryoides,Primulaceae,7,R,0.337045,-0.2963,0.01309,-0.1997,-0.1213062,-0.3460621,0.12076,0.45294,4.86E+15,-6.03E+15,0.8569135
11,7,2,104,A28,Kalafana,Oncostemum ,botryoides,Primulaceae,4,S,0.337045,-0.2963,0.01309,-0.1997,-0.1213062,-0.3460621,0.12076,0.45294,4.86E+15,-6.03E+15,0.8569135
11,7,2,104,A28,Kalafana,Oncostemum ,botryoides,Primulaceae,5,S,0.337045,-0.2963,0.01309,-0.1997,-0.1213062,-0.3460621,0.12076,0.45294,4.86E+15,-6.03E+15,0.8569135
11,7,2,104,A28,Kalafana,Oncostemum ,botryoides,Primulaceae,6,S,0.337045,-0.2963,0.01309,-0.1997,-0.1213062,-0.3460621,0.12076,0.45294,4.86E+15,-6.03E+15,0.8569135
11,7,2,104,A28,Kalafana,Oncostemum ,botryoides,Primulaceae,7,R,0.337045,-0.2963,0.01309,-0.1997,-0.1213062,-0.3460621,0.12076,0.45294,4.86E+15,-6.03E+15,0.8569135
11,7,2,105,A28,Kalafana,Oncostemum ,botryoides,Primulaceae,4,S,0.337045,-0.2963,0.01309,-0.1997,-0.1213062,-0.3460621,0.12076,0.45294,4.86E+15,-6.03E+15,0.8569135
11,7,2,105,A28,Kalafana,Oncostemum ,botryoides,Primulaceae,5,S,0.337045,-0.2963,0.01309,-0.1997,-0.1213062,-0.3460621,0.12076,0.45294,4.86E+15,-6.03E+15,0.8569135
11,7,2,105,A28,Kalafana,Oncostemum ,botryoides,Primulaceae,6,S,0.337045,-0.2963,0.01309,-0.1997,-0.1213062,-0.3460621,0.12076,0.45294,4.86E+15,-6.03E+15,0.8569135
11,7,2,105,A28,Kalafana,Oncostemum ,botryoides,Primulaceae,7,R,0.337045,-0.2963,0.01309,-0.1997,-0.1213062,-0.3460621,0.12076,0.45294,4.86E+15,-6.03E+15,0.8569135
11,7,2,106,A28,Kalafana,Oncostemum ,botryoides,Primulaceae,4,S,0.337045,-0.2963,0.01309,-0.1997,-0.1213062,-0.3460621,0.12076,0.45294,4.86E+15,-6.03E+15,0.8569135
11,7,2,106,A28,Kalafana,Oncostemum ,botryoides,Primulaceae,5,S,0.337045,-0.2963,0.01309,-0.1997,-0.1213062,-0.3460621,0.12076,0.45294,4.86E+15,-6.03E+15,0.8569135
11,7,2,106,A28,Kalafana,Oncostemum ,botryoides,Primulaceae,6,S,0.337045,-0.2963,0.01309,-0.1997,-0.1213062,-0.3460621,0.12076,0.45294,4.86E+15,-6.03E+15,0.8569135
11,7,2,106,A28,Kalafana,Oncostemum ,botryoides,Primulaceae,7,R,0.337045,-0.2963,0.01309,-0.1997,-0.1213062,-0.3460621,0.12076,0.45294,4.86E+15,-6.03E+15,0.8569135
11,7,2,107,A28,Kalafana,Oncostemum ,botryoides,Primulaceae,4,S,0.337045,-0.2963,0.01309,-0.1997,-0.1213062,-0.3460621,0.12076,0.45294,4.86E+15,-6.03E+15,0.8569135
11,7,2,107,A28,Kalafana,Oncostemum ,botryoides,Primulaceae,5,S,0.337045,-0.2963,0.01309,-0.1997,-0.1213062,-0.3460621,0.12076,0.45294,4.86E+15,-6.03E+15,0.8569135
11,7,2,107,A28,Kalafana,Oncostemum ,botryoides,Primulaceae,6,S,0.337045,-0.2963,0.01309,-0.1997,-0.1213062,-0.3460621,0.12076,0.45294,4.86E+15,-6.03E+15,0.8569135
11,7,2,107,A28,Kalafana,Oncostemum ,botryoides,Primulaceae,7,R,0.337045,-0.2963,0.01309,-0.1997,-0.1213062,-0.3460621,0.12076,0.45294,4.86E+15,-6.03E+15,0.8569135
11,7,2,108,A28,Kalafana,Oncostemum ,botryoides,Primulaceae,4,S,0.337045,-0.2963,0.01309,-0.1997,-0.1213062,-0.3460621,0.12076,0.45294,4.86E+15,-6.03E+15,0.8569135
11,7,2,108,A28,Kalafana,Oncostemum ,botryoides,Primulaceae,5,S,0.337045,-0.2963,0.01309,-0.1997,-0.1213062,-0.3460621,0.12076,0.45294,4.86E+15,-6.03E+15,0.8569135
11,7,2,108,A28,Kalafana,Oncostemum ,botryoides,Primulaceae,6,S,0.337045,-0.2963,0.01309,-0.1997,-0.1213062,-0.3460621,0.12076,0.45294,4.86E+15,-6.03E+15,0.8569135
11,7,2,108,A28,Kalafana,Oncostemum ,botryoides,Primulaceae,7,R,0.337045,-0.2963,0.01309,-0.1997,-0.1213062,-0.3460621,0.12076,0.45294,4.86E+15,-6.03E+15,0.8569135
11,7,2,109,A28,Kalafana,Oncostemum ,botryoides,Primulaceae,4,S,0.337045,-0.2963,0.01309,-0.1997,-0.1213062,-0.3460621,0.12076,0.45294,4.86E+15,-6.03E+15,0.8569135
11,7,2,109,A28,Kalafana,Oncostemum ,botryoides,Primulaceae,5,S,0.337045,-0.2963,0.01309,-0.1997,-0.1213062,-0.3460621,0.12076,0.45294,4.86E+15,-6.03E+15,0.8569135
11,7,2,109,A28,Kalafana,Oncostemum ,botryoides,Primulaceae,6,S,0.337045,-0.2963,0.01309,-0.1997,-0.1213062,-0.3460621,0.12076,0.45294,4.86E+15,-6.03E+15,0.8569135
11,7,2,109,A28,Kalafana,Oncostemum ,botryoides,Primulaceae,7,S,0.337045,-0.2963,0.01309,-0.1997,-0.1213062,-0.3460621,0.12076,0.45294,4.86E+15,-6.03E+15,0.8569135
12,7,2,115,A30,Voara,Ficus,botryoides,Moaraceae,4,S,-0.10142,0.0751,0.2721,0.3719,0.1633247,-0.2252456,0.43471,0.90338,2.04E+16,3.00E+15,0.8034906
12,7,2,115,A30,Voara,Ficus,botryoides,Moaraceae,5,S,-0.10142,0.0751,0.2721,0.3719,0.1633247,-0.2252456,0.43471,0.90338,2.04E+16,3.00E+15,0.8034906
12,7,2,115,A30,Voara,Ficus,botryoides,Moaraceae,6,S,-0.10142,0.0751,0.2721,0.3719,0.1633247,-0.2252456,0.43471,0.90338,2.04E+16,3.00E+15,0.8034906
12,7,2,115,A30,Voara,Ficus,botryoides,Moaraceae,7,R,-0.10142,0.0751,0.2721,0.3719,0.1633247,-0.2252456,0.43471,0.90338,2.04E+16,3.00E+15,0.8034906
12,7,2,116,A30,Voara,Ficus,botryoides,Moaraceae,4,S,-0.10142,0.0751,0.2721,0.3719,0.1633247,-0.2252456,0.43471,0.90338,2.04E+16,3.00E+15,0.8034906
12,7,2,116,A30,Voara,Ficus,botryoides,Moaraceae,5,S,-0.10142,0.0751,0.2721,0.3719,0.1633247,-0.2252456,0.43471,0.90338,2.04E+16,3.00E+15,0.8034906
12,7,2,116,A30,Voara,Ficus,botryoides,Moaraceae,6,T,-0.10142,0.0751,0.2721,0.3719,0.1633247,-0.2252456,0.43471,0.90338,2.04E+16,3.00E+15,0.8034906
12,7,2,116,A30,Voara,Ficus,botryoides,Moaraceae,7,S,-0.10142,0.0751,0.2721,0.3719,0.1633247,-0.2252456,0.43471,0.90338,2.04E+16,3.00E+15,0.8034906
12,7,2,117,A30,Voara,Ficus,botryoides,Moaraceae,4,S,-0.10142,0.0751,0.2721,0.3719,0.1633247,-0.2252456,0.43471,0.90338,2.04E+16,3.00E+15,0.8034906
12,7,2,117,A30,Voara,Ficus,botryoides,Moaraceae,5,S,-0.10142,0.0751,0.2721,0.3719,0.1633247,-0.2252456,0.43471,0.90338,2.04E+16,3.00E+15,0.8034906
12,7,2,117,A30,Voara,Ficus,botryoides,Moaraceae,6,S,-0.10142,0.0751,0.2721,0.3719,0.1633247,-0.2252456,0.43471,0.90338,2.04E+16,3.00E+15,0.8034906
12,7,2,117,A30,Voara,Ficus,botryoides,Moaraceae,7,S,-0.10142,0.0751,0.2721,0.3719,0.1633247,-0.2252456,0.43471,0.90338,2.04E+16,3.00E+15,0.8034906
12,7,2,118,A30,Voara,Ficus,botryoides,Moaraceae,4,S,-0.10142,0.0751,0.2721,0.3719,0.1633247,-0.2252456,0.43471,0.90338,2.04E+16,3.00E+15,0.8034906
12,7,2,118,A30,Voara,Ficus,botryoides,Moaraceae,5,S,-0.10142,0.0751,0.2721,0.3719,0.1633247,-0.2252456,0.43471,0.90338,2.04E+16,3.00E+15,0.8034906
12,7,2,118,A30,Voara,Ficus,botryoides,Moaraceae,6,S,-0.10142,0.0751,0.2721,0.3719,0.1633247,-0.2252456,0.43471,0.90338,2.04E+16,3.00E+15,0.8034906
12,7,2,118,A30,Voara,Ficus,botryoides,Moaraceae,7,S,-0.10142,0.0751,0.2721,0.3719,0.1633247,-0.2252456,0.43471,0.90338,2.04E+16,3.00E+15,0.8034906
12,7,2,119,A30,Voara,Ficus,botryoides,Moaraceae,4,S,-0.10142,0.0751,0.2721,0.3719,0.1633247,-0.2252456,0.43471,0.90338,2.04E+16,3.00E+15,0.8034906
12,7,2,119,A30,Voara,Ficus,botryoides,Moaraceae,5,S,-0.10142,0.0751,0.2721,0.3719,0.1633247,-0.2252456,0.43471,0.90338,2.04E+16,3.00E+15,0.8034906
12,7,2,119,A30,Voara,Ficus,botryoides,Moaraceae,6,T,-0.10142,0.0751,0.2721,0.3719,0.1633247,-0.2252456,0.43471,0.90338,2.04E+16,3.00E+15,0.8034906
12,7,2,119,A30,Voara,Ficus,botryoides,Moaraceae,7,T,-0.10142,0.0751,0.2721,0.3719,0.1633247,-0.2252456,0.43471,0.90338,2.04E+16,3.00E+15,0.8034906
12,7,2,120,A30,Voara,Ficus,botryoides,Moaraceae,4,S,-0.10142,0.0751,0.2721,0.3719,0.1633247,-0.2252456,0.43471,0.90338,2.04E+16,3.00E+15,0.8034906
12,7,2,120,A30,Voara,Ficus,botryoides,Moaraceae,5,S,-0.10142,0.0751,0.2721,0.3719,0.1633247,-0.2252456,0.43471,0.90338,2.04E+16,3.00E+15,0.8034906
12,7,2,120,A30,Voara,Ficus,botryoides,Moaraceae,6,S,-0.10142,0.0751,0.2721,0.3719,0.1633247,-0.2252456,0.43471,0.90338,2.04E+16,3.00E+15,0.8034906
12,7,2,120,A30,Voara,Ficus,botryoides,Moaraceae,7,S,-0.10142,0.0751,0.2721,0.3719,0.1633247,-0.2252456,0.43471,0.90338,2.04E+16,3.00E+15,0.8034906
12,7,2,121,A31,Fohaninasity,Psychotria,reducta,Rubiaceae,4,L,0.2638136,0.1000804,-0.1751,-0.2964,-0.006577694,0.1574547,0.10774,0.79329,4.45E+15,-2.47E+15,0.7486506
12,7,2,121,A31,Fohaninasity,Psychotria,reducta,Rubiaceae,5,L,0.2638136,0.1000804,-0.1751,-0.2964,-0.006577694,0.1574547,0.10774,0.79329,4.45E+15,-2.47E+15,0.7486506
12,7,2,121,A31,Fohaninasity,Psychotria,reducta,Rubiaceae,6,L,0.2638136,0.1000804,-0.1751,-0.2964,-0.006577694,0.1574547,0.10774,0.79329,4.45E+15,-2.47E+15,0.7486506
12,7,2,121,A31,Fohaninasity,Psychotria,reducta,Rubiaceae,7,R,0.2638136,0.1000804,-0.1751,-0.2964,-0.006577694,0.1574547,0.10774,0.79329,4.45E+15,-2.47E+15,0.7486506
12,7,2,121,A31,Fohaninasity,Psychotria,reducta,Rubiaceae,4,S,0.2638136,0.1000804,-0.1751,-0.2964,-0.006577694,0.1574547,0.10774,0.79329,4.45E+15,-2.47E+15,0.7486506
12,7,2,121,A31,Fohaninasity,Psychotria,reducta,Rubiaceae,5,L,0.2638136,0.1000804,-0.1751,-0.2964,-0.006577694,0.1574547,0.10774,0.79329,4.45E+15,-2.47E+15,0.7486506
12,7,2,121,A31,Fohaninasity,Psychotria,reducta,Rubiaceae,6,S,0.2638136,0.1000804,-0.1751,-0.2964,-0.006577694,0.1574547,0.10774,0.79329,4.45E+15,-2.47E+15,0.7486506
12,7,2,121,A31,Fohaninasity,Psychotria,reducta,Rubiaceae,7,S,0.2638136,0.1000804,-0.1751,-0.2964,-0.006577694,0.1574547,0.10774,0.79329,4.45E+15,-2.47E+15,0.7486506
12,7,2,121,A31,Fohaninasity,Psychotria,reducta,Rubiaceae,4,L,0.2638136,0.1000804,-0.1751,-0.2964,-0.006577694,0.1574547,0.10774,0.79329,4.45E+15,-2.47E+15,0.7486506
12,7,2,121,A31,Fohaninasity,Psychotria,reducta,Rubiaceae,5,L,0.2638136,0.1000804,-0.1751,-0.2964,-0.006577694,0.1574547,0.10774,0.79329,4.45E+15,-2.47E+15,0.7486506
12,7,2,121,A31,Fohaninasity,Psychotria,reducta,Rubiaceae,6,L,0.2638136,0.1000804,-0.1751,-0.2964,-0.006577694,0.1574547,0.10774,0.79329,4.45E+15,-2.47E+15,0.7486506
12,7,2,121,A31,Fohaninasity,Psychotria,reducta,Rubiaceae,7,L,0.2638136,0.1000804,-0.1751,-0.2964,-0.006577694,0.1574547,0.10774,0.79329,4.45E+15,-2.47E+15,0.7486506
12,7,2,121,A31,Fohaninasity,Psychotria,reducta,Rubiaceae,4,L,0.2638136,0.1000804,-0.1751,-0.2964,-0.006577694,0.1574547,0.10774,0.79329,4.45E+15,-2.47E+15,0.7486506
12,7,2,121,A31,Fohaninasity,Psychotria,reducta,Rubiaceae,5,L,0.2638136,0.1000804,-0.1751,-0.2964,-0.006577694,0.1574547,0.10774,0.79329,4.45E+15,-2.47E+15,0.7486506
12,7,2,121,A31,Fohaninasity,Psychotria,reducta,Rubiaceae,6,S,0.2638136,0.1000804,-0.1751,-0.2964,-0.006577694,0.1574547,0.10774,0.79329,4.45E+15,-2.47E+15,0.7486506
12,7,2,121,A31,Fohaninasity,Psychotria,reducta,Rubiaceae,7,S,0.2638136,0.1000804,-0.1751,-0.2964,-0.006577694,0.1574547,0.10774,0.79329,4.45E+15,-2.47E+15,0.7486506
12,7,2,121,A31,Fohaninasity,Psychotria,reducta,Rubiaceae,4,L,0.2638136,0.1000804,-0.1751,-0.2964,-0.006577694,0.1574547,0.10774,0.79329,4.45E+15,-2.47E+15,0.7486506
12,7,2,121,A31,Fohaninasity,Psychotria,reducta,Rubiaceae,5,S,0.2638136,0.1000804,-0.1751,-0.2964,-0.006577694,0.1574547,0.10774,0.79329,4.45E+15,-2.47E+15,0.7486506
12,7,2,121,A31,Fohaninasity,Psychotria,reducta,Rubiaceae,6,R,0.2638136,0.1000804,-0.1751,-0.2964,-0.006577694,0.1574547,0.10774,0.79329,4.45E+15,-2.47E+15,0.7486506
12,7,2,121,A31,Fohaninasity,Psychotria,reducta,Rubiaceae,7,R,0.2638136,0.1000804,-0.1751,-0.2964,-0.006577694,0.1574547,0.10774,0.79329,4.45E+15,-2.47E+15,0.7486506
13,7,3,122,A32,Voara,Ficus,botryoides,Moaraceae,8,S,-0.10142,0.0751,0.2721,0.3719,0.1633247,-0.2252456,0.43471,0.90338,2.04E+16,3.00E+15,0.8034906
13,7,3,122,A32,Voara,Ficus,botryoides,Moaraceae,9,S,-0.10142,0.0751,0.2721,0.3719,0.1633247,-0.2252456,0.43471,0.90338,2.04E+16,3.00E+15,0.8034906
13,7,3,123,A32,Voara,Ficus,botryoides,Moaraceae,8,S,-0.10142,0.0751,0.2721,0.3719,0.1633247,-0.2252456,0.43471,0.90338,2.04E+16,3.00E+15,0.8034906
13,7,3,123,A32,Voara,Ficus,botryoides,Moaraceae,9,R,-0.10142,0.0751,0.2721,0.3719,0.1633247,-0.2252456,0.43471,0.90338,2.04E+16,3.00E+15,0.8034906
13,7,3,124,A32,Voara,Ficus,botryoides,Moaraceae,8,S,-0.10142,0.0751,0.2721,0.3719,0.1633247,-0.2252456,0.43471,0.90338,2.04E+16,3.00E+15,0.8034906
13,7,3,124,A32,Voara,Ficus,botryoides,Moaraceae,9,S,-0.10142,0.0751,0.2721,0.3719,0.1633247,-0.2252456,0.43471,0.90338,2.04E+16,3.00E+15,0.8034906
13,7,3,125,A32,Voara,Ficus,botryoides,Moaraceae,8,S,-0.10142,0.0751,0.2721,0.3719,0.1633247,-0.2252456,0.43471,0.90338,2.04E+16,3.00E+15,0.8034906
13,7,3,125,A32,Voara,Ficus,botryoides,Moaraceae,9,S,-0.10142,0.0751,0.2721,0.3719,0.1633247,-0.2252456,0.43471,0.90338,2.04E+16,3.00E+15,0.8034906
13,7,3,126,A32,Voara,Ficus,botryoides,Moaraceae,8,L,-0.10142,0.0751,0.2721,0.3719,0.1633247,-0.2252456,0.43471,0.90338,2.04E+16,3.00E+15,0.8034906
13,7,3,126,A32,Voara,Ficus,botryoides,Moaraceae,9,S,-0.10142,0.0751,0.2721,0.3719,0.1633247,-0.2252456,0.43471,0.90338,2.04E+16,3.00E+15,0.8034906
13,7,3,127,A32,Voara,Ficus,botryoides,Moaraceae,8,S,-0.10142,0.0751,0.2721,0.3719,0.1633247,-0.2252456,0.43471,0.90338,2.04E+16,3.00E+15,0.8034906
13,7,3,127,A32,Voara,Ficus,botryoides,Moaraceae,9,R,-0.10142,0.0751,0.2721,0.3719,0.1633247,-0.2252456,0.43471,0.90338,2.04E+16,3.00E+15,0.8034906
13,7,3,128,A32,Voara,Ficus,botryoides,Moaraceae,8,S,-0.10142,0.0751,0.2721,0.3719,0.1633247,-0.2252456,0.43471,0.90338,2.04E+16,3.00E+15,0.8034906
13,7,3,128,A32,Voara,Ficus,botryoides,Moaraceae,9,S,-0.10142,0.0751,0.2721,0.3719,0.1633247,-0.2252456,0.43471,0.90338,2.04E+16,3.00E+15,0.8034906
13,7,3,129,A32,Voara,Ficus,botryoides,Moaraceae,8,S,-0.10142,0.0751,0.2721,0.3719,0.1633247,-0.2252456,0.43471,0.90338,2.04E+16,3.00E+15,0.8034906
13,7,3,129,A32,Voara,Ficus,botryoides,Moaraceae,9,S,-0.10142,0.0751,0.2721,0.3719,0.1633247,-0.2252456,0.43471,0.90338,2.04E+16,3.00E+15,0.8034906
13,7,3,130,A32,Voara,Ficus,botryoides,Moaraceae,8,R,-0.10142,0.0751,0.2721,0.3719,0.1633247,-0.2252456,0.43471,0.90338,2.04E+16,3.00E+15,0.8034906
13,7,3,130,A32,Voara,Ficus,botryoides,Moaraceae,9,S,-0.10142,0.0751,0.2721,0.3719,0.1633247,-0.2252456,0.43471,0.90338,2.04E+16,3.00E+15,0.8034906
13,7,3,131,A32,Voara,Ficus,botryoides,Moaraceae,8,R,-0.10142,0.0751,0.2721,0.3719,0.1633247,-0.2252456,0.43471,0.90338,2.04E+16,3.00E+15,0.8034906
13,7,3,131,A32,Voara,Ficus,botryoides,Moaraceae,9,S,-0.10142,0.0751,0.2721,0.3719,0.1633247,-0.2252456,0.43471,0.90338,2.04E+16,3.00E+15,0.8034906
13,7,3,132,A32,Voara,Ficus,botryoides,Moaraceae,8,R,-0.10142,0.0751,0.2721,0.3719,0.1633247,-0.2252456,0.43471,0.90338,2.04E+16,3.00E+15,0.8034906
13,7,3,132,A32,Voara,Ficus,botryoides,Moaraceae,9,S,-0.10142,0.0751,0.2721,0.3719,0.1633247,-0.2252456,0.43471,0.90338,2.04E+16,3.00E+15,0.8034906
